isoform_id	gencode_biotype
ENST00000831248.1	lncRNA
ENST00000831219.1	lncRNA
ENST00000831153.1	lncRNA
ENST00000880609.1	protein_coding
ENST00000379325.7	nonsense_mediated_decay
ENST00000464036.5	nonsense_mediated_decay
ENST00000488340.5	nonsense_mediated_decay
ENST00000511910.1	retained_intron
ENST00000404249.8	protein_coding
ENST00000341991.7	protein_coding
ENST00000886134.1	protein_coding
ENST00000899368.1	protein_coding
ENST00000648600.1	lncRNA
ENST00000679703.1	nonsense_mediated_decay
ENST00000378191.5	protein_coding
ENST00000489498.5	nonsense_mediated_decay
ENST00000414040.6	nonsense_mediated_decay
ENST00000307896.10	protein_coding
ENST00000487559.1	nonsense_mediated_decay
ENST00000328089.11	protein_coding
ENST00000361311.4	protein_coding
ENST00000377153.5	protein_coding
ENST00000376770.5	protein_coding
ENST00000400797.3	protein_coding
ENST00000376014.7	protein_coding
ENST00000400777.7	nonsense_mediated_decay
ENST00000616884.4	protein_coding
ENST00000930332.1	protein_coding
ENST00000375486.9	protein_coding
ENST00000497827.1	nonsense_mediated_decay
ENST00000852048.1	protein_coding
ENST00000877897.1	protein_coding
ENST00000374630.8	protein_coding
ENST00000443624.6	retained_intron
ENST00000467075.2	nonsense_mediated_decay
ENST00000630217.2	protein_coding
ENST00000567741.1	protein_coding_CDS_not_defined
ENST00000361547.7	protein_coding
ENST00000374315.1	protein_coding
ENST00000434391.6	nonsense_mediated_decay
ENST00000526792.5	protein_coding
ENST00000464720.5	nonsense_mediated_decay
ENST00000486082.5	nonsense_mediated_decay
ENST00000478104.5	nonsense_mediated_decay
ENST00000361157.11	protein_coding
ENST00000548116.5	nonsense_mediated_decay
ENST00000373836.4	protein_coding
ENST00000691479.1	nonsense_mediated_decay
ENST00000373791.7	protein_coding
ENST00000373714.5	protein_coding
ENST00000468720.5	retained_intron
ENST00000441402.5	nonsense_mediated_decay
ENST00000373609.1	protein_coding
ENST00000491434.5	nonsense_mediated_decay
ENST00000489170.5	nonsense_mediated_decay
ENST00000677640.1	nonsense_mediated_decay
ENST00000446293.6	protein_coding
ENST00000356990.9	protein_coding
ENST00000373443.7	protein_coding
ENST00000539719.6	protein_coding
ENST00000487874.1	nonsense_mediated_decay
ENST00000373243.7	protein_coding
ENST00000855881.1	protein_coding
ENST00000373001.4	protein_coding
ENST00000675937.1	nonsense_mediated_decay
ENST00000905588.1	protein_coding
ENST00000372652.5	protein_coding
ENST00000372651.5	protein_coding
ENST00000648914.1	nonsense_mediated_decay
ENST00000431473.4	protein_coding
ENST00000678038.1	nonsense_mediated_decay
ENST00000372550.6	protein_coding
ENST00000677307.1	nonsense_mediated_decay
ENST00000886192.1	protein_coding
ENST00000432792.6	protein_coding
ENST00000497050.5	protein_coding_CDS_not_defined
ENST00000642504.1	nonsense_mediated_decay
ENST00000645165.1	nonsense_mediated_decay
ENST00000495421.1	nonsense_mediated_decay
ENST00000481924.2	protein_coding
ENST00000356836.10	protein_coding
ENST00000488865.2	nonsense_mediated_decay
ENST00000873955.1	protein_coding
ENST00000485271.6	nonsense_mediated_decay
ENST00000475516.5	nonsense_mediated_decay
ENST00000481571.5	nonsense_mediated_decay
ENST00000626177.2	nonsense_mediated_decay
ENST00000290795.7	protein_coding
ENST00000893421.1	protein_coding
ENST00000689756.1	nonsense_mediated_decay
ENST00000496387.5	nonsense_mediated_decay
ENST00000307089.7	nonsense_mediated_decay
ENST00000341183.9	protein_coding
ENST00000528077.6	nonsense_mediated_decay
ENST00000319928.9	protein_coding
ENST00000680460.1	nonsense_mediated_decay
ENST00000371733.8	protein_coding
ENST00000371466.4	protein_coding
ENST00000900036.1	protein_coding
ENST00000534324.6	protein_coding
ENST00000715913.1	protein_coding
ENST00000673913.2	nonsense_mediated_decay
ENST00000468257.2	nonsense_mediated_decay
ENST00000489099.5	nonsense_mediated_decay
ENST00000342505.5	protein_coding
ENST00000401041.6	protein_coding
ENST00000370986.9	protein_coding
ENST00000915572.1	protein_coding
ENST00000679976.1	nonsense_mediated_decay
ENST00000370763.6	protein_coding
ENST00000260505.13	protein_coding
ENST00000331835.10	protein_coding
ENST00000489444.6	nonsense_mediated_decay
ENST00000493594.6	nonsense_mediated_decay
ENST00000235878.5	nonsense_mediated_decay
ENST00000394583.7	nonsense_mediated_decay
ENST00000260506.12	protein_coding
ENST00000484213.1	protein_coding_CDS_not_defined
ENST00000879625.1	protein_coding
ENST00000476419.5	nonsense_mediated_decay
ENST00000361915.8	protein_coding
ENST00000640357.1	nonsense_mediated_decay
ENST00000482437.5	nonsense_mediated_decay
ENST00000850622.1	nonsense_mediated_decay
ENST00000903271.1	protein_coding
ENST00000370021.1	protein_coding
ENST00000674992.1	nonsense_mediated_decay
ENST00000338272.9	protein_coding
ENST00000310611.8	protein_coding
ENST00000461647.6	nonsense_mediated_decay
ENST00000492412.2	nonsense_mediated_decay
ENST00000685980.2	nonsense_mediated_decay
ENST00000697409.1	nonsense_mediated_decay
ENST00000697410.1	nonsense_mediated_decay
ENST00000700751.1	nonsense_mediated_decay
ENST00000681559.1	nonsense_mediated_decay
ENST00000484280.6	nonsense_mediated_decay
ENST00000393300.6	protein_coding
ENST00000261443.9	protein_coding
ENST00000433172.3	protein_coding
ENST00000464088.5	nonsense_mediated_decay
ENST00000369487.3	protein_coding
ENST00000369426.9	protein_coding
ENST00000581897.7	protein_coding
ENST00000969982.1	protein_coding
ENST00000460277.5	nonsense_mediated_decay
ENST00000698762.1	nonsense_mediated_decay
ENST00000854709.1	protein_coding
ENST00000896001.1	protein_coding
ENST00000652616.1	nonsense_mediated_decay
ENST00000650721.1	nonsense_mediated_decay
ENST00000467213.5	nonsense_mediated_decay
ENST00000488165.5	nonsense_mediated_decay
ENST00000760828.1	lncRNA
ENST00000788370.1	lncRNA
ENST00000652191.1	protein_coding
ENST00000614272.1	nonsense_mediated_decay
ENST00000581312.6	protein_coding
ENST00000698593.1	nonsense_mediated_decay
ENST00000877305.1	protein_coding
ENST00000877303.1	protein_coding
ENST00000369102.5	protein_coding
ENST00000913716.1	protein_coding
ENST00000346569.6	protein_coding
ENST00000678337.1	protein_coding
ENST00000904323.1	protein_coding
ENST00000368947.9	protein_coding
ENST00000368908.10	protein_coding
ENST00000409426.5	protein_coding
ENST00000368872.5	protein_coding
ENST00000651814.1	nonsense_mediated_decay
ENST00000471464.5	nonsense_mediated_decay
ENST00000896466.1	protein_coding
ENST00000354332.8	protein_coding
ENST00000344616.4	protein_coding
ENST00000392623.5	protein_coding
ENST00000368687.1	protein_coding
ENST00000877427.1	protein_coding
ENST00000509409.5	nonsense_mediated_decay
ENST00000368521.10	protein_coding
ENST00000368519.5	protein_coding
ENST00000304760.3	protein_coding
ENST00000681901.1	nonsense_mediated_decay
ENST00000650403.1	nonsense_mediated_decay
ENST00000368405.7	nonsense_mediated_decay
ENST00000715141.1	nonsense_mediated_decay
ENST00000488784.6	nonsense_mediated_decay
ENST00000477470.2	nonsense_mediated_decay
ENST00000368279.7	protein_coding
ENST00000497069.2	nonsense_mediated_decay
ENST00000361813.5	protein_coding
ENST00000295694.9	protein_coding
ENST00000497287.6	nonsense_mediated_decay
ENST00000858113.1	protein_coding
ENST00000465101.1	retained_intron
ENST00000472750.5	nonsense_mediated_decay
ENST00000699543.1	nonsense_mediated_decay
ENST00000473969.6	nonsense_mediated_decay
ENST00000368002.8	protein_coding
ENST00000652473.1	nonsense_mediated_decay
ENST00000677045.1	nonsense_mediated_decay
ENST00000458626.4	protein_coding
ENST00000446985.6	protein_coding
ENST00000367921.8	protein_coding
ENST00000367876.9	protein_coding
ENST00000525440.5	nonsense_mediated_decay
ENST00000686870.1	nonsense_mediated_decay
ENST00000692875.1	nonsense_mediated_decay
ENST00000688499.1	nonsense_mediated_decay
ENST00000498166.6	nonsense_mediated_decay
ENST00000689173.1	nonsense_mediated_decay
ENST00000474047.5	nonsense_mediated_decay
ENST00000920092.1	protein_coding
ENST00000460816.5	protein_coding_CDS_not_defined
ENST00000635248.1	nonsense_mediated_decay
ENST00000367677.3	nonsense_mediated_decay
ENST00000344730.8	protein_coding
ENST00000540564.5	protein_coding
ENST00000462677.3	nonsense_mediated_decay
ENST00000645963.2	protein_coding
ENST00000367498.8	protein_coding
ENST00000459929.6	nonsense_mediated_decay
ENST00000647657.1	retained_intron
ENST00000550078.3	protein_coding
ENST00000690849.1	nonsense_mediated_decay
ENST00000463049.6	nonsense_mediated_decay
ENST00000367128.8	protein_coding
ENST00000356495.5	protein_coding
ENST00000367027.5	protein_coding
ENST00000696134.1	nonsense_mediated_decay
ENST00000341491.9	protein_coding
ENST00000613104.1	protein_coding
ENST00000615329.4	protein_coding
ENST00000891852.1	protein_coding
ENST00000477026.5	nonsense_mediated_decay
ENST00000350027.8	protein_coding
ENST00000523990.1	nonsense_mediated_decay
ENST00000391875.6	protein_coding
ENST00000860910.1	protein_coding
ENST00000677414.1	protein_coding
ENST00000422240.6	protein_coding
ENST00000608949.5	protein_coding
ENST00000644483.1	nonsense_mediated_decay
ENST00000366624.8	protein_coding
ENST00000366621.8	protein_coding
ENST00000466653.1	retained_intron
ENST00000855443.1	protein_coding
ENST00000282841.9	protein_coding
ENST00000647418.1	nonsense_mediated_decay
ENST00000643994.1	nonsense_mediated_decay
ENST00000645582.1	nonsense_mediated_decay
ENST00000646186.1	nonsense_mediated_decay
ENST00000643142.1	nonsense_mediated_decay
ENST00000366601.8	protein_coding
ENST00000354619.10	protein_coding
ENST00000683111.1	nonsense_mediated_decay
ENST00000318160.5	protein_coding
ENST00000684161.1	retained_intron
ENST00000469376.5	nonsense_mediated_decay
ENST00000490673.5	nonsense_mediated_decay
ENST00000522522.5	retained_intron
ENST00000366511.2	nonsense_mediated_decay
ENST00000857035.1	protein_coding
ENST00000479214.5	nonsense_mediated_decay
ENST00000366504.6	nonsense_mediated_decay
ENST00000810129.1	lncRNA
ENST00000294753.8	protein_coding
ENST00000533927.5	retained_intron
ENST00000432667.5	nonsense_mediated_decay
ENST00000252804.9	protein_coding
ENST00000436842.5	nonsense_mediated_decay
ENST00000679863.1	nonsense_mediated_decay
ENST00000305997.8	protein_coding
ENST00000434858.5	nonsense_mediated_decay
ENST00000304567.10	protein_coding
ENST00000485717.1	retained_intron
ENST00000677437.1	nonsense_mediated_decay
ENST00000862145.1	protein_coding
ENST00000899122.1	protein_coding
ENST00000304031.8	protein_coding
ENST00000313213.5	protein_coding
ENST00000260662.2	protein_coding
ENST00000380809.7	nonsense_mediated_decay
ENST00000398951.6	nonsense_mediated_decay
ENST00000852054.1	protein_coding
ENST00000414029.1	nonsense_mediated_decay
ENST00000969425.1	protein_coding
ENST00000405940.6	nonsense_mediated_decay
ENST00000427123.5	nonsense_mediated_decay
ENST00000872249.1	protein_coding
ENST00000696014.1	nonsense_mediated_decay
ENST00000688724.1	nonsense_mediated_decay
ENST00000686125.1	nonsense_mediated_decay
ENST00000693232.1	retained_intron
ENST00000642999.1	protein_coding
ENST00000451623.5	nonsense_mediated_decay
ENST00000860003.1	protein_coding
ENST00000651368.1	protein_coding
ENST00000425778.5	nonsense_mediated_decay
ENST00000443213.5	nonsense_mediated_decay
ENST00000294964.6	protein_coding
ENST00000463456.5	retained_intron
ENST00000319190.11	protein_coding
ENST00000700003.1	nonsense_mediated_decay
ENST00000416913.5	nonsense_mediated_decay
ENST00000686424.1	nonsense_mediated_decay
ENST00000402285.7	protein_coding
ENST00000403676.6	nonsense_mediated_decay
ENST00000301998.5	protein_coding
ENST00000695960.1	nonsense_mediated_decay
ENST00000355848.7	protein_coding
ENST00000410067.8	protein_coding
ENST00000377957.4	protein_coding
ENST00000450162.6	nonsense_mediated_decay
ENST00000711613.1	nonsense_mediated_decay
ENST00000234396.10	protein_coding
ENST00000498749.2	nonsense_mediated_decay
ENST00000939343.1	protein_coding
ENST00000904808.1	protein_coding
ENST00000683149.1	nonsense_mediated_decay
ENST00000682379.1	nonsense_mediated_decay
ENST00000682351.1	protein_coding
ENST00000452063.7	protein_coding
ENST00000649777.1	retained_intron
ENST00000647753.1	nonsense_mediated_decay
ENST00000393965.8	protein_coding
ENST00000424122.5	nonsense_mediated_decay
ENST00000341396.2	protein_coding
ENST00000425118.5	nonsense_mediated_decay
ENST00000446927.5	nonsense_mediated_decay
ENST00000393913.8	protein_coding
ENST00000410113.5	protein_coding
ENST00000651342.1	nonsense_mediated_decay
ENST00000409133.1	protein_coding
ENST00000306353.8	nonsense_mediated_decay
ENST00000461206.1	protein_coding_CDS_not_defined
ENST00000312912.10	protein_coding
ENST00000409225.2	protein_coding
ENST00000684740.1	retained_intron
ENST00000688880.3	lncRNA
ENST00000309988.9	protein_coding
ENST00000345084.11	nonsense_mediated_decay
ENST00000695437.2	nonsense_mediated_decay
ENST00000258439.8	protein_coding
ENST00000444759.5	nonsense_mediated_decay
ENST00000434524.5	nonsense_mediated_decay
ENST00000409733.5	protein_coding
ENST00000424632.5	nonsense_mediated_decay
ENST00000332549.8	protein_coding
ENST00000427077.1	nonsense_mediated_decay
ENST00000438943.5	nonsense_mediated_decay
ENST00000411991.5	nonsense_mediated_decay
ENST00000414829.2	protein_coding
ENST00000233336.7	protein_coding
ENST00000333990.10	nonsense_mediated_decay
ENST00000696881.1	protein_coding
ENST00000358604.7	nonsense_mediated_decay
ENST00000801455.1	lncRNA
ENST00000801470.1	lncRNA
ENST00000411929.5	nonsense_mediated_decay
ENST00000409094.5	protein_coding
ENST00000644317.1	nonsense_mediated_decay
ENST00000259253.11	protein_coding
ENST00000259241.7	protein_coding
ENST00000442217.5	nonsense_mediated_decay
ENST00000241393.4	protein_coding
ENST00000409512.5	protein_coding
ENST00000303319.10	protein_coding
ENST00000428879.5	protein_coding
ENST00000375734.6	protein_coding
ENST00000685752.1	nonsense_mediated_decay
ENST00000492005.1	protein_coding_CDS_not_defined
ENST00000683514.1	retained_intron
ENST00000259050.8	protein_coding
ENST00000676810.1	protein_coding
ENST00000480044.5	retained_intron
ENST00000263915.8	protein_coding
ENST00000867648.1	protein_coding
ENST00000857416.1	protein_coding
ENST00000697326.1	nonsense_mediated_decay
ENST00000234198.9	protein_coding
ENST00000392571.6	protein_coding
ENST00000410055.5	protein_coding
ENST00000877603.1	protein_coding
ENST00000345739.10	nonsense_mediated_decay
ENST00000428760.5	nonsense_mediated_decay
ENST00000456655.5	nonsense_mediated_decay
ENST00000420864.5	nonsense_mediated_decay
ENST00000677253.1	nonsense_mediated_decay
ENST00000677460.1	nonsense_mediated_decay
ENST00000424699.5	nonsense_mediated_decay
ENST00000470945.2	nonsense_mediated_decay
ENST00000233092.10	nonsense_mediated_decay
ENST00000435079.1	nonsense_mediated_decay
ENST00000419184.1	nonsense_mediated_decay
ENST00000431877.7	protein_coding
ENST00000374930.7	nonsense_mediated_decay
ENST00000906657.1	protein_coding
ENST00000307834.9	nonsense_mediated_decay
ENST00000307849.7	nonsense_mediated_decay
ENST00000282272.15	protein_coding
ENST00000483328.5	nonsense_mediated_decay
ENST00000441832.1	nonsense_mediated_decay
ENST00000432425.5	nonsense_mediated_decay
ENST00000286181.7	nonsense_mediated_decay
ENST00000237889.9	protein_coding
ENST00000454214.1	protein_coding
ENST00000332624.8	protein_coding
ENST00000286196.9	nonsense_mediated_decay
ENST00000959424.1	protein_coding
ENST00000449301.5	nonsense_mediated_decay
ENST00000461371.5	protein_coding_CDS_not_defined
ENST00000431118.5	nonsense_mediated_decay
ENST00000233190.11	protein_coding
ENST00000650811.1	nonsense_mediated_decay
ENST00000199940.10	protein_coding
ENST00000438204.6	protein_coding
ENST00000620057.4	nonsense_mediated_decay
ENST00000455743.5	nonsense_mediated_decay
ENST00000443953.5	nonsense_mediated_decay
ENST00000248450.9	protein_coding
ENST00000881109.1	protein_coding
ENST00000360507.10	protein_coding
ENST00000273048.2	nonsense_mediated_decay
ENST00000289528.10	protein_coding
ENST00000409033.7	nonsense_mediated_decay
ENST00000396738.7	protein_coding
ENST00000392086.8	protein_coding
ENST00000373963.5	nonsense_mediated_decay
ENST00000688634.1	nonsense_mediated_decay
ENST00000955382.1	protein_coding
ENST00000396654.7	protein_coding
ENST00000446015.6	protein_coding
ENST00000409304.6	protein_coding
ENST00000283946.8	protein_coding
ENST00000874560.1	protein_coding
ENST00000410024.5	protein_coding
ENST00000347464.9	protein_coding
ENST00000446481.6	nonsense_mediated_decay
ENST00000409373.5	protein_coding
ENST00000289175.10	protein_coding
ENST00000244815.9	protein_coding
ENST00000441728.6	nonsense_mediated_decay
ENST00000417231.5	nonsense_mediated_decay
ENST00000409182.1	protein_coding
ENST00000405954.2	protein_coding
ENST00000270357.10	protein_coding
ENST00000357048.8	nonsense_mediated_decay
ENST00000391983.7	nonsense_mediated_decay
ENST00000401869.5	protein_coding
ENST00000400769.6	nonsense_mediated_decay
ENST00000321264.9	protein_coding
ENST00000651093.1	nonsense_mediated_decay
ENST00000651352.1	nonsense_mediated_decay
ENST00000434583.5	nonsense_mediated_decay
ENST00000456506.2	nonsense_mediated_decay
ENST00000415439.5	nonsense_mediated_decay
ENST00000683986.1	retained_intron
ENST00000434065.5	nonsense_mediated_decay
ENST00000383814.8	protein_coding
ENST00000673737.2	nonsense_mediated_decay
ENST00000452070.6	protein_coding
ENST00000287652.8	protein_coding
ENST00000903205.1	protein_coding
ENST00000681433.1	nonsense_mediated_decay
ENST00000677816.1	nonsense_mediated_decay
ENST00000251849.9	protein_coding
ENST00000435575.5	protein_coding
ENST00000432444.2	nonsense_mediated_decay
ENST00000476581.6	nonsense_mediated_decay
ENST00000253686.7	protein_coding
ENST00000449565.1	nonsense_mediated_decay
ENST00000442255.5	nonsense_mediated_decay
ENST00000446547.5	nonsense_mediated_decay
ENST00000924914.1	protein_coding
ENST00000330688.9	protein_coding
ENST00000470132.2	retained_intron
ENST00000466830.6	protein_coding
ENST00000888968.1	protein_coding
ENST00000810626.1	lncRNA
ENST00000454304.6	nonsense_mediated_decay
ENST00000273183.8	protein_coding
ENST00000673972.1	nonsense_mediated_decay
ENST00000264741.10	protein_coding
ENST00000311806.8	protein_coding
ENST00000453680.6	nonsense_mediated_decay
ENST00000452389.7	nonsense_mediated_decay
ENST00000695412.1	nonsense_mediated_decay
ENST00000419156.6	nonsense_mediated_decay
ENST00000435633.5	nonsense_mediated_decay
ENST00000432264.4	protein_coding
ENST00000339296.10	protein_coding
ENST00000273156.11	protein_coding
ENST00000481892.1	retained_intron
ENST00000649763.1	nonsense_mediated_decay
ENST00000643500.1	nonsense_mediated_decay
ENST00000642351.1	protein_coding
ENST00000412611.6	nonsense_mediated_decay
ENST00000383745.6	protein_coding
ENST00000418611.5	protein_coding
ENST00000441228.5	nonsense_mediated_decay
ENST00000706810.1	nonsense_mediated_decay
ENST00000296140.4	protein_coding
ENST00000231751.9	protein_coding
ENST00000441517.6	nonsense_mediated_decay
ENST00000442215.6	nonsense_mediated_decay
ENST00000313778.9	protein_coding
ENST00000418109.5	protein_coding
ENST00000948551.1	protein_coding
ENST00000265560.9	protein_coding
ENST00000320431.8	protein_coding
ENST00000714251.1	nonsense_mediated_decay
ENST00000327761.7	protein_coding
ENST00000395117.6	nonsense_mediated_decay
ENST00000528157.7	protein_coding
ENST00000417220.6	protein_coding
ENST00000636880.1	nonsense_mediated_decay
ENST00000310271.6	protein_coding
ENST00000679180.1	retained_intron
ENST00000676989.1	nonsense_mediated_decay
ENST00000678549.1	nonsense_mediated_decay
ENST00000477382.2	protein_coding
ENST00000436784.7	protein_coding
ENST00000471180.5	protein_coding
ENST00000296288.9	protein_coding
ENST00000231721.7	protein_coding
ENST00000420808.2	protein_coding
ENST00000394799.6	protein_coding
ENST00000468776.5	nonsense_mediated_decay
ENST00000469364.5	nonsense_mediated_decay
ENST00000482387.7	protein_coding
ENST00000398559.7	protein_coding
ENST00000676705.1	protein_coding
ENST00000261037.7	protein_coding
ENST00000704530.1	protein_coding
ENST00000495719.1	retained_intron
ENST00000394030.8	protein_coding
ENST00000438817.6	protein_coding
ENST00000412622.5	protein_coding
ENST00000478922.1	protein_coding
ENST00000486886.1	retained_intron
ENST00000491580.1	nonsense_mediated_decay
ENST00000264848.10	protein_coding
ENST00000478595.1	nonsense_mediated_decay
ENST00000461431.1	protein_coding
ENST00000295864.9	nonsense_mediated_decay
ENST00000472637.5	nonsense_mediated_decay
ENST00000473284.5	nonsense_mediated_decay
ENST00000462295.5	nonsense_mediated_decay
ENST00000470455.5	nonsense_mediated_decay
ENST00000870488.1	protein_coding
ENST00000483272.1	retained_intron
ENST00000863544.1	protein_coding
ENST00000264234.8	protein_coding
ENST00000486607.5	nonsense_mediated_decay
ENST00000647766.1	nonsense_mediated_decay
ENST00000485064.1	protein_coding
ENST00000490434.5	nonsense_mediated_decay
ENST00000891215.1	protein_coding
ENST00000494339.5	nonsense_mediated_decay
ENST00000900354.1	protein_coding
ENST00000474629.7	protein_coding
ENST00000489923.5	nonsense_mediated_decay
ENST00000409697.8	protein_coding
ENST00000467167.5	nonsense_mediated_decay
ENST00000251775.9	protein_coding
ENST00000894120.1	protein_coding
ENST00000393400.6	nonsense_mediated_decay
ENST00000474964.6	nonsense_mediated_decay
ENST00000511227.5	nonsense_mediated_decay
ENST00000324093.9	protein_coding
ENST00000507978.5	nonsense_mediated_decay
ENST00000473208.5	retained_intron
ENST00000484181.5	nonsense_mediated_decay
ENST00000469964.5	nonsense_mediated_decay
ENST00000698923.1	nonsense_mediated_decay
ENST00000489213.5	protein_coding
ENST00000677309.1	nonsense_mediated_decay
ENST00000502594.5	nonsense_mediated_decay
ENST00000477012.5	nonsense_mediated_decay
ENST00000488497.7	nonsense_mediated_decay
ENST00000448787.7	nonsense_mediated_decay
ENST00000496491.2	lncRNA
ENST00000493348.1	nonsense_mediated_decay
ENST00000473414.6	protein_coding
ENST00000474348.5	nonsense_mediated_decay
ENST00000477889.5	protein_coding
ENST00000471696.6	protein_coding
ENST00000260843.5	protein_coding
ENST00000675418.2	protein_coding
ENST00000482061.6	nonsense_mediated_decay
ENST00000465810.1	nonsense_mediated_decay
ENST00000468581.2	nonsense_mediated_decay
ENST00000644094.1	nonsense_mediated_decay
ENST00000295924.12	protein_coding
ENST00000631619.1	nonsense_mediated_decay
ENST00000873027.1	protein_coding
ENST00000491767.6	protein_coding
ENST00000237696.10	protein_coding
ENST00000484166.5	nonsense_mediated_decay
ENST00000446859.7	protein_coding
ENST00000900472.1	protein_coding
ENST00000485523.5	protein_coding
ENST00000471841.6	protein_coding
ENST00000232564.8	protein_coding
ENST00000392659.2	protein_coding
ENST00000492563.1	nonsense_mediated_decay
ENST00000471496.8	lncRNA
ENST00000639900.1	nonsense_mediated_decay
ENST00000421484.5	nonsense_mediated_decay
ENST00000443376.5	nonsense_mediated_decay
ENST00000648890.1	nonsense_mediated_decay
ENST00000883704.1	protein_coding
ENST00000456380.5	nonsense_mediated_decay
ENST00000423298.5	lncRNA
ENST00000480706.1	protein_coding_CDS_not_defined
ENST00000426808.5	nonsense_mediated_decay
ENST00000425053.5	nonsense_mediated_decay
ENST00000443963.5	nonsense_mediated_decay
ENST00000437221.5	protein_coding
ENST00000456148.1	protein_coding
ENST00000853275.1	protein_coding
ENST00000691700.1	retained_intron
ENST00000445522.6	protein_coding
ENST00000774693.1	lncRNA
ENST00000446494.1	nonsense_mediated_decay
ENST00000273695.4	protein_coding
ENST00000429160.1	nonsense_mediated_decay
ENST00000311630.7	protein_coding
ENST00000323460.10	protein_coding
ENST00000296351.8	protein_coding
ENST00000449003.8	retained_intron
ENST00000265239.11	protein_coding
ENST00000515578.5	nonsense_mediated_decay
ENST00000894694.1	protein_coding
ENST00000894695.1	protein_coding
ENST00000677895.1	protein_coding
ENST00000513372.5	retained_intron
ENST00000510267.5	protein_coding
ENST00000503596.5	nonsense_mediated_decay
ENST00000898374.1	protein_coding
ENST00000706688.1	nonsense_mediated_decay
ENST00000507123.1	retained_intron
ENST00000515682.5	nonsense_mediated_decay
ENST00000508274.5	nonsense_mediated_decay
ENST00000630951.1	nonsense_mediated_decay
ENST00000511441.5	nonsense_mediated_decay
ENST00000505603.5	nonsense_mediated_decay
ENST00000507439.5	nonsense_mediated_decay
ENST00000510451.5	nonsense_mediated_decay
ENST00000681640.1	retained_intron
ENST00000512286.1	retained_intron
ENST00000695922.1	protein_coding
ENST00000514033.1	protein_coding
ENST00000399820.8	protein_coding
ENST00000950959.1	protein_coding
ENST00000511852.5	nonsense_mediated_decay
ENST00000507741.5	nonsense_mediated_decay
ENST00000680700.1	protein_coding
ENST00000504757.2	protein_coding
ENST00000640821.3	protein_coding
ENST00000317745.11	protein_coding
ENST00000503359.5	nonsense_mediated_decay
ENST00000286648.10	protein_coding
ENST00000510031.1	nonsense_mediated_decay
ENST00000244869.3	protein_coding
ENST00000395710.5	nonsense_mediated_decay
ENST00000695556.1	nonsense_mediated_decay
ENST00000639300.1	nonsense_mediated_decay
ENST00000853410.1	protein_coding
ENST00000334306.4	protein_coding
ENST00000515853.5	nonsense_mediated_decay
ENST00000415738.3	protein_coding
ENST00000502762.4	nonsense_mediated_decay
ENST00000630114.2	nonsense_mediated_decay
ENST00000509635.5	protein_coding
ENST00000508502.5	protein_coding
ENST00000507019.5	protein_coding
ENST00000237623.11	protein_coding
ENST00000264350.8	protein_coding
ENST00000627587.2	nonsense_mediated_decay
ENST00000542407.5	protein_coding
ENST00000273986.10	protein_coding
ENST00000503103.5	protein_coding
ENST00000341695.10	protein_coding
ENST00000467183.6	nonsense_mediated_decay
ENST00000265174.5	protein_coding
ENST00000908819.1	protein_coding
ENST00000639146.1	nonsense_mediated_decay
ENST00000863519.1	protein_coding
ENST00000863524.1	protein_coding
ENST00000509622.5	nonsense_mediated_decay
ENST00000505216.2	nonsense_mediated_decay
ENST00000333047.9	nonsense_mediated_decay
ENST00000871953.1	protein_coding
ENST00000641025.1	nonsense_mediated_decay
ENST00000648358.2	protein_coding
ENST00000344876.9	protein_coding
ENST00000503997.5	nonsense_mediated_decay
ENST00000325617.10	protein_coding
ENST00000899908.1	protein_coding
ENST00000296545.11	protein_coding
ENST00000514886.1	nonsense_mediated_decay
ENST00000675838.1	protein_coding
ENST00000674967.1	protein_coding
ENST00000855787.1	protein_coding
ENST00000433477.4	protein_coding
ENST00000676791.2	nonsense_mediated_decay
ENST00000274071.6	nonsense_mediated_decay
ENST00000264428.9	protein_coding
ENST00000511532.5	nonsense_mediated_decay
ENST00000296533.3	protein_coding
ENST00000402744.9	protein_coding
ENST00000515088.5	protein_coding_CDS_not_defined
ENST00000393674.7	protein_coding
ENST00000302350.4	protein_coding
ENST00000696850.1	nonsense_mediated_decay
ENST00000510755.5	nonsense_mediated_decay
ENST00000508698.3	nonsense_mediated_decay
ENST00000869700.1	protein_coding
ENST00000721041.1	lncRNA
ENST00000255764.4	protein_coding
ENST00000513117.1	nonsense_mediated_decay
ENST00000504286.2	nonsense_mediated_decay
ENST00000264669.10	protein_coding
ENST00000510659.5	nonsense_mediated_decay
ENST00000505366.1	retained_intron
ENST00000508361.5	nonsense_mediated_decay
ENST00000231338.7	protein_coding
ENST00000513914.5	nonsense_mediated_decay
ENST00000506850.5	protein_coding
ENST00000296603.5	protein_coding
ENST00000677911.1	nonsense_mediated_decay
ENST00000274276.8	protein_coding
ENST00000281623.8	protein_coding
ENST00000361970.10	protein_coding
ENST00000655830.3	lncRNA
ENST00000510026.5	nonsense_mediated_decay
ENST00000397080.8	protein_coding
ENST00000505896.5	retained_intron
ENST00000450852.8	protein_coding
ENST00000256759.8	protein_coding
ENST00000506974.5	nonsense_mediated_decay
ENST00000812511.1	lncRNA
ENST00000381403.4	protein_coding
ENST00000501463.2	nonsense_mediated_decay
ENST00000870435.1	protein_coding
ENST00000503773.6	nonsense_mediated_decay
ENST00000418299.5	nonsense_mediated_decay
ENST00000675378.1	nonsense_mediated_decay
ENST00000643708.1	nonsense_mediated_decay
ENST00000683199.1	retained_intron
ENST00000502658.1	protein_coding
ENST00000681672.1	nonsense_mediated_decay
ENST00000509189.5	nonsense_mediated_decay
ENST00000406039.5	protein_coding
ENST00000256441.5	protein_coding
ENST00000511257.1	protein_coding
ENST00000681588.1	nonsense_mediated_decay
ENST00000380729.8	protein_coding
ENST00000446221.6	nonsense_mediated_decay
ENST00000770175.1	lncRNA
ENST00000873593.1	protein_coding
ENST00000543322.5	protein_coding
ENST00000308077.9	nonsense_mediated_decay
ENST00000875692.1	protein_coding
ENST00000672400.1	nonsense_mediated_decay
ENST00000672135.1	nonsense_mediated_decay
ENST00000904657.1	protein_coding
ENST00000319211.5	protein_coding
ENST00000614488.4	nonsense_mediated_decay
ENST00000512907.5	retained_intron
ENST00000665095.1	lncRNA
ENST00000513814.5	nonsense_mediated_decay
ENST00000853356.1	protein_coding
ENST00000438793.8	protein_coding
ENST00000511137.5	nonsense_mediated_decay
ENST00000505350.2	nonsense_mediated_decay
ENST00000391338.3	protein_coding
ENST00000379594.7	nonsense_mediated_decay
ENST00000513374.1	protein_coding
ENST00000645832.1	nonsense_mediated_decay
ENST00000514099.5	nonsense_mediated_decay
ENST00000675372.1	nonsense_mediated_decay
ENST00000511475.6	nonsense_mediated_decay
ENST00000508495.5	nonsense_mediated_decay
ENST00000508488.2	nonsense_mediated_decay
ENST00000448810.6	nonsense_mediated_decay
ENST00000686757.1	nonsense_mediated_decay
ENST00000458488.2	protein_coding
ENST00000507024.5	nonsense_mediated_decay
ENST00000033079.7	protein_coding
ENST00000450845.7	protein_coding
ENST00000230990.7	protein_coding
ENST00000509914.5	nonsense_mediated_decay
ENST00000645491.1	nonsense_mediated_decay
ENST00000530339.2	protein_coding
ENST00000529310.6	protein_coding
ENST00000617641.4	protein_coding
ENST00000444782.5	protein_coding
ENST00000518856.1	protein_coding
ENST00000231484.4	protein_coding
ENST00000296702.9	protein_coding
ENST00000394370.7	protein_coding
ENST00000686020.2	lncRNA
ENST00000388825.9	protein_coding
ENST00000524219.2	protein_coding
ENST00000521655.1	nonsense_mediated_decay
ENST00000393975.4	protein_coding
ENST00000523843.5	nonsense_mediated_decay
ENST00000326654.7	protein_coding
ENST00000265087.9	protein_coding
ENST00000510734.5	nonsense_mediated_decay
ENST00000513587.5	nonsense_mediated_decay
ENST00000439742.7	protein_coding
ENST00000486828.6	nonsense_mediated_decay
ENST00000652623.1	retained_intron
ENST00000251582.12	protein_coding
ENST00000510431.6	nonsense_mediated_decay
ENST00000508103.6	nonsense_mediated_decay
ENST00000337755.9	protein_coding
ENST00000518235.5	protein_coding
ENST00000523084.5	protein_coding
ENST00000511473.5	nonsense_mediated_decay
ENST00000603795.5	nonsense_mediated_decay
ENST00000892209.1	protein_coding
ENST00000338130.7	protein_coding
ENST00000424847.6	nonsense_mediated_decay
ENST00000433912.5	nonsense_mediated_decay
ENST00000283147.7	protein_coding
ENST00000244777.6	nonsense_mediated_decay
ENST00000397456.2	nonsense_mediated_decay
ENST00000379446.10	protein_coding
ENST00000379250.10	nonsense_mediated_decay
ENST00000510395.5	nonsense_mediated_decay
ENST00000691422.1	nonsense_mediated_decay
ENST00000346618.8	protein_coding
ENST00000879569.1	protein_coding
ENST00000613575.4	protein_coding
ENST00000244745.4	protein_coding
ENST00000537591.5	protein_coding
ENST00000850876.1	protein_coding
ENST00000314088.6	nonsense_mediated_decay
ENST00000396948.5	protein_coding
ENST00000377600.7	nonsense_mediated_decay
ENST00000429381.5	protein_coding
ENST00000481125.5	retained_intron
ENST00000492575.5	retained_intron
ENST00000692173.2	lncRNA
ENST00000449538.3	nonsense_mediated_decay
ENST00000330236.7	protein_coding
ENST00000440790.6	protein_coding
ENST00000343684.4	protein_coding
ENST00000396827.3	protein_coding
ENST00000377050.5	protein_coding
ENST00000454678.7	protein_coding
ENST00000396551.9	protein_coding
ENST00000376630.5	protein_coding
ENST00000470703.1	retained_intron
ENST00000488383.5	nonsense_mediated_decay
ENST00000489540.1	retained_intron
ENST00000903946.1	protein_coding
ENST00000321897.9	protein_coding
ENST00000376146.8	protein_coding
ENST00000676615.2	protein_coding
ENST00000362049.10	protein_coding
ENST00000375920.8	protein_coding
ENST00000495769.5	nonsense_mediated_decay
ENST00000491768.5	nonsense_mediated_decay
ENST00000435363.7	protein_coding
ENST00000472768.5	nonsense_mediated_decay
ENST00000482838.1	retained_intron
ENST00000229829.7	protein_coding
ENST00000428835.6	protein_coding
ENST00000483281.5	nonsense_mediated_decay
ENST00000859006.1	protein_coding
ENST00000495509.6	nonsense_mediated_decay
ENST00000293760.10	protein_coding
ENST00000481533.5	protein_coding
ENST00000374017.3	protein_coding
ENST00000698930.1	nonsense_mediated_decay
ENST00000875334.1	protein_coding
ENST00000696265.1	nonsense_mediated_decay
ENST00000423325.6	protein_coding
ENST00000373766.9	protein_coding
ENST00000265344.8	nonsense_mediated_decay
ENST00000477442.6	nonsense_mediated_decay
ENST00000892903.1	protein_coding
ENST00000652639.1	protein_coding
ENST00000434837.8	protein_coding
ENST00000424495.2	protein_coding
ENST00000489290.1	nonsense_mediated_decay
ENST00000854260.1	protein_coding
ENST00000357338.3	protein_coding
ENST00000490447.6	nonsense_mediated_decay
ENST00000372116.5	protein_coding
ENST00000372077.8	protein_coding
ENST00000371253.7	protein_coding
ENST00000371243.2	protein_coding
ENST00000751464.1	lncRNA
ENST00000414696.5	nonsense_mediated_decay
ENST00000419835.8	protein_coding
ENST00000370830.4	protein_coding
ENST00000649673.1	nonsense_mediated_decay
ENST00000961955.1	protein_coding
ENST00000679627.1	nonsense_mediated_decay
ENST00000680131.1	nonsense_mediated_decay
ENST00000680238.1	nonsense_mediated_decay
ENST00000679364.1	nonsense_mediated_decay
ENST00000415228.5	nonsense_mediated_decay
ENST00000498523.1	protein_coding_CDS_not_defined
ENST00000898676.1	protein_coding
ENST00000859359.1	protein_coding
ENST00000430071.6	nonsense_mediated_decay
ENST00000698605.1	nonsense_mediated_decay
ENST00000651698.2	nonsense_mediated_decay
ENST00000683803.1	nonsense_mediated_decay
ENST00000369578.6	protein_coding_CDS_not_defined
ENST00000700583.1	nonsense_mediated_decay
ENST00000230085.13	protein_coding
ENST00000908136.1	protein_coding
ENST00000923403.1	protein_coding
ENST00000698513.1	protein_coding
ENST00000698515.1	nonsense_mediated_decay
ENST00000674569.1	nonsense_mediated_decay
ENST00000392587.6	protein_coding
ENST00000607388.1	nonsense_mediated_decay
ENST00000368576.8	protein_coding
ENST00000368557.6	protein_coding
ENST00000338891.12	protein_coding
ENST00000539041.5	protein_coding
ENST00000318787.13	nonsense_mediated_decay
ENST00000474289.6	protein_coding
ENST00000368292.10	nonsense_mediated_decay
ENST00000368149.3	protein_coding
ENST00000296978.4	protein_coding
ENST00000904989.1	protein_coding
ENST00000423615.7	lncRNA
ENST00000414302.7	lncRNA
ENST00000525674.5	nonsense_mediated_decay
ENST00000527613.5	nonsense_mediated_decay
ENST00000541292.6	nonsense_mediated_decay
ENST00000445570.5	nonsense_mediated_decay
ENST00000367591.5	protein_coding
ENST00000367361.6	nonsense_mediated_decay
ENST00000367341.6	protein_coding
ENST00000622845.5	protein_coding
ENST00000684765.1	nonsense_mediated_decay
ENST00000644711.1	nonsense_mediated_decay
ENST00000494826.1	nonsense_mediated_decay
ENST00000229758.8	protein_coding
ENST00000681651.1	nonsense_mediated_decay
ENST00000646562.1	nonsense_mediated_decay
ENST00000367055.8	protein_coding
ENST00000366911.10	nonsense_mediated_decay
ENST00000275262.11	protein_coding
ENST00000611959.2	nonsense_mediated_decay
ENST00000704901.1	nonsense_mediated_decay
ENST00000625626.1	protein_coding
ENST00000167218.9	nonsense_mediated_decay
ENST00000545869.5	nonsense_mediated_decay
ENST00000402802.8	protein_coding
ENST00000360274.8	protein_coding
ENST00000344111.4	protein_coding
ENST00000401903.6	protein_coding
ENST00000316495.8	protein_coding
ENST00000486040.1	nonsense_mediated_decay
ENST00000647984.1	nonsense_mediated_decay
ENST00000650310.1	nonsense_mediated_decay
ENST00000325974.9	protein_coding
ENST00000643595.1	nonsense_mediated_decay
ENST00000382252.6	protein_coding
ENST00000626257.2	protein_coding
ENST00000455539.5	nonsense_mediated_decay
ENST00000423760.6	nonsense_mediated_decay
ENST00000341757.9	nonsense_mediated_decay
ENST00000630952.2	protein_coding
ENST00000456174.6	protein_coding
ENST00000915086.1	protein_coding
ENST00000305786.7	protein_coding
ENST00000678935.1	nonsense_mediated_decay
ENST00000360787.8	nonsense_mediated_decay
ENST00000883208.1	protein_coding
ENST00000396345.1	protein_coding
ENST00000265394.10	protein_coding
ENST00000222803.10	protein_coding
ENST00000456458.5	nonsense_mediated_decay
ENST00000265748.7	protein_coding
ENST00000786528.1	lncRNA
ENST00000698962.1	nonsense_mediated_decay
ENST00000446987.5	nonsense_mediated_decay
ENST00000421223.5	nonsense_mediated_decay
ENST00000613132.5	protein_coding
ENST00000458191.5	nonsense_mediated_decay
ENST00000395560.7	nonsense_mediated_decay
ENST00000897736.1	protein_coding
ENST00000891760.1	protein_coding
ENST00000423763.5	nonsense_mediated_decay
ENST00000395375.3	nonsense_mediated_decay
ENST00000426828.6	lncRNA
ENST00000688478.2	lncRNA
ENST00000639828.2	protein_coding
ENST00000697868.1	nonsense_mediated_decay
ENST00000361660.8	nonsense_mediated_decay
ENST00000646193.1	retained_intron
ENST00000721291.1	lncRNA
ENST00000310326.8	protein_coding
ENST00000450285.5	nonsense_mediated_decay
ENST00000426966.5	nonsense_mediated_decay
ENST00000324941.5	protein_coding
ENST00000621097.4	protein_coding
ENST00000800428.1	lncRNA
ENST00000421140.6	transcribed_unprocessed_pseudogene
ENST00000394921.8	lncRNA
ENST00000418756.6	lncRNA
ENST00000873333.1	protein_coding
ENST00000454791.1	nonsense_mediated_decay
ENST00000440632.5	nonsense_mediated_decay
ENST00000899017.1	protein_coding
ENST00000310842.9	protein_coding
ENST00000415482.6	protein_coding
ENST00000956950.1	protein_coding
ENST00000265362.9	protein_coding
ENST00000447863.5	nonsense_mediated_decay
ENST00000579677.5	nonsense_mediated_decay
ENST00000872053.1	protein_coding
ENST00000431138.5	nonsense_mediated_decay
ENST00000380079.9	protein_coding
ENST00000257659.12	protein_coding
ENST00000380058.7	nonsense_mediated_decay
ENST00000222511.11	protein_coding
ENST00000496677.6	protein_coding
ENST00000287957.5	protein_coding
ENST00000645746.1	nonsense_mediated_decay
ENST00000297268.11	protein_coding
ENST00000646559.1	nonsense_mediated_decay
ENST00000413065.5	protein_coding
ENST00000750823.1	lncRNA
ENST00000454175.1	nonsense_mediated_decay
ENST00000416144.5	nonsense_mediated_decay
ENST00000354241.5	protein_coding
ENST00000425308.6	protein_coding
ENST00000713795.1	nonsense_mediated_decay
ENST00000713798.1	nonsense_mediated_decay
ENST00000421390.1	protein_coding
ENST00000609309.3	protein_coding
ENST00000401528.5	protein_coding
ENST00000308344.10	protein_coding
ENST00000403646.8	protein_coding
ENST00000490528.1	nonsense_mediated_decay
ENST00000379340.9	nonsense_mediated_decay
ENST00000340457.8	protein_coding
ENST00000476151.5	nonsense_mediated_decay
ENST00000442873.5	nonsense_mediated_decay
ENST00000420217.1	nonsense_mediated_decay
ENST00000379257.7	nonsense_mediated_decay
ENST00000715774.1	lncRNA
ENST00000443233.5	nonsense_mediated_decay
ENST00000644269.2	protein_coding
ENST00000403825.8	protein_coding
ENST00000535603.5	protein_coding
ENST00000675905.1	nonsense_mediated_decay
ENST00000397752.8	protein_coding
ENST00000427726.5	nonsense_mediated_decay
ENST00000482320.5	protein_coding
ENST00000714095.1	nonsense_mediated_decay
ENST00000714099.1	nonsense_mediated_decay
ENST00000674630.1	nonsense_mediated_decay
ENST00000416162.7	protein_coding
ENST00000458153.5	nonsense_mediated_decay
ENST00000393132.2	protein_coding
ENST00000275767.3	protein_coding
ENST00000684339.1	nonsense_mediated_decay
ENST00000684486.1	retained_intron
ENST00000348225.7	protein_coding
ENST00000330387.11	protein_coding
ENST00000456182.5	nonsense_mediated_decay
ENST00000473341.5	nonsense_mediated_decay
ENST00000702954.2	lncRNA
ENST00000872784.1	protein_coding
ENST00000671397.1	nonsense_mediated_decay
ENST00000483967.5	protein_coding
ENST00000479907.1	protein_coding
ENST00000684939.1	lncRNA
ENST00000498682.3	protein_coding
ENST00000642087.2	protein_coding
ENST00000360937.9	protein_coding
ENST00000446096.5	protein_coding
ENST00000447933.7	lncRNA
ENST00000262177.9	protein_coding
ENST00000635970.1	nonsense_mediated_decay
ENST00000688452.1	nonsense_mediated_decay
ENST00000338312.10	protein_coding
ENST00000523234.5	nonsense_mediated_decay
ENST00000519088.5	protein_coding
ENST00000530200.1	nonsense_mediated_decay
ENST00000262096.13	protein_coding
ENST00000650287.1	protein_coding
ENST00000521315.5	protein_coding
ENST00000518913.5	nonsense_mediated_decay
ENST00000520982.5	nonsense_mediated_decay
ENST00000443561.3	protein_coding
ENST00000399977.9	nonsense_mediated_decay
ENST00000523504.5	nonsense_mediated_decay
ENST00000517558.1	nonsense_mediated_decay
ENST00000519509.5	nonsense_mediated_decay
ENST00000884617.1	protein_coding
ENST00000520303.5	nonsense_mediated_decay
ENST00000287771.9	protein_coding
ENST00000397323.9	protein_coding
ENST00000650919.1	protein_coding
ENST00000220659.11	protein_coding
ENST00000520601.5	protein_coding
ENST00000522774.1	retained_intron
ENST00000428278.6	protein_coding
ENST00000523268.6	nonsense_mediated_decay
ENST00000676765.1	protein_coding
ENST00000379917.7	nonsense_mediated_decay
ENST00000517890.5	nonsense_mediated_decay
ENST00000527424.6	protein_coding
ENST00000319073.5	protein_coding
ENST00000533383.5	nonsense_mediated_decay
ENST00000020945.4	protein_coding
ENST00000522225.5	protein_coding
ENST00000522576.5	protein_coding
ENST00000523409.5	nonsense_mediated_decay
ENST00000276576.11	nonsense_mediated_decay
ENST00000426810.5	nonsense_mediated_decay
ENST00000920917.1	protein_coding
ENST00000675625.1	nonsense_mediated_decay
ENST00000675832.1	nonsense_mediated_decay
ENST00000705981.1	nonsense_mediated_decay
ENST00000276585.9	protein_coding
ENST00000517875.5	nonsense_mediated_decay
ENST00000655144.2	lncRNA
ENST00000522965.1	nonsense_mediated_decay
ENST00000517597.5	nonsense_mediated_decay
ENST00000522894.5	nonsense_mediated_decay
ENST00000396194.6	protein_coding
ENST00000517976.5	nonsense_mediated_decay
ENST00000419617.7	protein_coding
ENST00000297574.6	protein_coding
ENST00000522484.5	nonsense_mediated_decay
ENST00000890428.1	protein_coding
ENST00000519607.5	nonsense_mediated_decay
ENST00000259526.4	protein_coding
ENST00000522308.1	retained_intron
ENST00000519199.6	nonsense_mediated_decay
ENST00000664214.2	lncRNA
ENST00000504719.8	lncRNA
ENST00000656880.2	lncRNA
ENST00000657289.1	lncRNA
ENST00000665721.2	lncRNA
ENST00000639496.1	nonsense_mediated_decay
ENST00000521180.5	protein_coding
ENST00000876408.1	protein_coding
ENST00000523308.5	protein_coding
ENST00000521578.6	protein_coding
ENST00000356613.4	protein_coding
ENST00000612905.2	protein_coding
ENST00000521682.5	protein_coding
ENST00000330143.8	protein_coding
ENST00000526007.5	retained_intron
ENST00000359551.6	nonsense_mediated_decay
ENST00000529654.5	nonsense_mediated_decay
ENST00000621189.4	protein_coding
ENST00000314367.14	protein_coding
ENST00000637103.1	protein_coding
ENST00000681806.1	nonsense_mediated_decay
ENST00000442869.5	protein_coding
ENST00000740229.1	lncRNA
ENST00000685462.1	nonsense_mediated_decay
ENST00000688899.1	nonsense_mediated_decay
ENST00000688283.1	retained_intron
ENST00000468435.7	nonsense_mediated_decay
ENST00000899583.1	protein_coding
ENST00000490969.5	nonsense_mediated_decay
ENST00000472715.1	protein_coding_CDS_not_defined
ENST00000579755.2	protein_coding
ENST00000679771.1	nonsense_mediated_decay
ENST00000465003.6	nonsense_mediated_decay
ENST00000479656.6	nonsense_mediated_decay
ENST00000379704.7	protein_coding
ENST00000379707.7	nonsense_mediated_decay
ENST00000361005.10	protein_coding
ENST00000859531.1	protein_coding
ENST00000379155.9	protein_coding
ENST00000618590.1	protein_coding
ENST00000379158.7	protein_coding
ENST00000892444.1	protein_coding
ENST00000353468.4	nonsense_mediated_decay
ENST00000554550.5	nonsense_mediated_decay
ENST00000469798.5	nonsense_mediated_decay
ENST00000700259.1	nonsense_mediated_decay
ENST00000378557.1	protein_coding
ENST00000378357.9	protein_coding
ENST00000377991.9	protein_coding
ENST00000442009.6	nonsense_mediated_decay
ENST00000488673.6	nonsense_mediated_decay
ENST00000808669.1	lncRNA
ENST00000808668.1	lncRNA
ENST00000377614.8	lncRNA
ENST00000497250.5	nonsense_mediated_decay
ENST00000890596.1	protein_coding
ENST00000644653.1	nonsense_mediated_decay
ENST00000529446.5	nonsense_mediated_decay
ENST00000396272.7	protein_coding
ENST00000479413.1	nonsense_mediated_decay
ENST00000377027.1	nonsense_mediated_decay
ENST00000475764.5	nonsense_mediated_decay
ENST00000376395.9	protein_coding
ENST00000734897.1	lncRNA
ENST00000472778.6	nonsense_mediated_decay
ENST00000388711.7	protein_coding
ENST00000277141.10	protein_coding
ENST00000252506.11	protein_coding
ENST00000375544.7	protein_coding
ENST00000375522.2	nonsense_mediated_decay
ENST00000375412.11	protein_coding
ENST00000479094.5	protein_coding_CDS_not_defined
ENST00000467499.6	nonsense_mediated_decay
ENST00000375257.2	protein_coding
ENST00000474602.5	nonsense_mediated_decay
ENST00000411939.5	protein_coding
ENST00000375231.5	protein_coding
ENST00000680385.1	nonsense_mediated_decay
ENST00000375172.6	nonsense_mediated_decay
ENST00000462523.5	nonsense_mediated_decay
ENST00000342112.9	protein_coding
ENST00000238477.5	nonsense_mediated_decay
ENST00000687017.1	nonsense_mediated_decay
ENST00000374886.7	protein_coding
ENST00000259395.4	protein_coding
ENST00000374767.5	protein_coding
ENST00000675215.1	nonsense_mediated_decay
ENST00000466771.6	nonsense_mediated_decay
ENST00000447096.1	nonsense_mediated_decay
ENST00000374264.6	protein_coding
ENST00000374227.8	protein_coding
ENST00000374165.6	protein_coding
ENST00000488620.5	retained_intron
ENST00000687938.1	protein_coding_CDS_not_defined
ENST00000470366.5	nonsense_mediated_decay
ENST00000628863.2	protein_coding
ENST00000324460.7	protein_coding
ENST00000373492.6	nonsense_mediated_decay
ENST00000373482.6	nonsense_mediated_decay
ENST00000675641.1	nonsense_mediated_decay
ENST00000291839.10	protein_coding
ENST00000300432.3	protein_coding
ENST00000677651.1	nonsense_mediated_decay
ENST00000678916.1	nonsense_mediated_decay
ENST00000495313.5	protein_coding
ENST00000683044.1	nonsense_mediated_decay
ENST00000683288.1	nonsense_mediated_decay
ENST00000896310.1	protein_coding
ENST00000458362.5	nonsense_mediated_decay
ENST00000319725.10	protein_coding
ENST00000685137.1	nonsense_mediated_decay
ENST00000372047.7	protein_coding
ENST00000393160.7	protein_coding
ENST00000615505.4	protein_coding
ENST00000488610.6	nonsense_mediated_decay
ENST00000557985.2	nonsense_mediated_decay
ENST00000418388.6	protein_coding
ENST00000706387.1	nonsense_mediated_decay
ENST00000406555.7	protein_coding
ENST00000683135.1	nonsense_mediated_decay
ENST00000497571.6	protein_coding
ENST00000459912.5	nonsense_mediated_decay
ENST00000883992.1	protein_coding
ENST00000357604.10	protein_coding
ENST00000378825.5	protein_coding
ENST00000378467.8	protein_coding
ENST00000479731.5	protein_coding
ENST00000378331.5	nonsense_mediated_decay
ENST00000378246.6	nonsense_mediated_decay
ENST00000378254.5	nonsense_mediated_decay
ENST00000378258.5	nonsense_mediated_decay
ENST00000697075.1	protein_coding
ENST00000697076.1	nonsense_mediated_decay
ENST00000492201.6	nonsense_mediated_decay
ENST00000697080.1	nonsense_mediated_decay
ENST00000697087.1	nonsense_mediated_decay
ENST00000378000.5	protein_coding
ENST00000354631.7	nonsense_mediated_decay
ENST00000869228.1	protein_coding
ENST00000869231.1	protein_coding
ENST00000375940.9	protein_coding
ENST00000896814.1	protein_coding
ENST00000342386.10	protein_coding
ENST00000375897.7	protein_coding
ENST00000677667.1	protein_coding
ENST00000490460.5	nonsense_mediated_decay
ENST00000344351.5	protein_coding
ENST00000302609.8	protein_coding
ENST00000494540.6	lncRNA
ENST00000374518.6	protein_coding
ENST00000374466.4	protein_coding
ENST00000689627.1	protein_coding
ENST00000858679.1	protein_coding
ENST00000343575.11	protein_coding
ENST00000679596.1	nonsense_mediated_decay
ENST00000478381.5	nonsense_mediated_decay
ENST00000443374.7	lncRNA
ENST00000647317.2	protein_coding
ENST00000541012.5	nonsense_mediated_decay
ENST00000635779.2	nonsense_mediated_decay
ENST00000858302.1	protein_coding
ENST00000697927.1	protein_coding
ENST00000621663.4	protein_coding
ENST00000605597.5	nonsense_mediated_decay
ENST00000488223.6	nonsense_mediated_decay
ENST00000466568.1	protein_coding_CDS_not_defined
ENST00000867217.1	protein_coding
ENST00000481070.1	protein_coding
ENST00000476545.6	nonsense_mediated_decay
ENST00000372325.7	protein_coding
ENST00000818204.1	lncRNA
ENST00000700022.1	nonsense_mediated_decay
ENST00000686459.1	nonsense_mediated_decay
ENST00000488877.6	nonsense_mediated_decay
ENST00000679312.1	nonsense_mediated_decay
ENST00000678844.1	nonsense_mediated_decay
ENST00000371142.9	protein_coding
ENST00000676067.1	nonsense_mediated_decay
ENST00000334828.6	protein_coding
ENST00000370655.6	protein_coding
ENST00000285605.8	protein_coding
ENST00000266066.4	protein_coding
ENST00000903208.1	protein_coding
ENST00000903209.1	protein_coding
ENST00000903212.1	protein_coding
ENST00000903210.1	protein_coding
ENST00000903213.1	protein_coding
ENST00000298999.8	protein_coding
ENST00000471520.5	nonsense_mediated_decay
ENST00000636706.1	protein_coding
ENST00000324109.9	protein_coding
ENST00000370236.5	protein_coding
ENST00000470414.1	retained_intron
ENST00000370172.5	protein_coding
ENST00000299238.7	protein_coding
ENST00000690052.1	nonsense_mediated_decay
ENST00000687830.1	retained_intron
ENST00000369788.7	protein_coding
ENST00000473401.5	protein_coding_CDS_not_defined
ENST00000337478.3	protein_coding
ENST00000650952.1	protein_coding
ENST00000369583.4	protein_coding
ENST00000861366.1	protein_coding
ENST00000952623.1	protein_coding
ENST00000686786.1	nonsense_mediated_decay
ENST00000689297.1	nonsense_mediated_decay
ENST00000689455.1	nonsense_mediated_decay
ENST00000368898.8	protein_coding
ENST00000937046.1	protein_coding
ENST00000368896.1	protein_coding
ENST00000868558.1	protein_coding
ENST00000483455.5	protein_coding_CDS_not_defined
ENST00000466270.5	nonsense_mediated_decay
ENST00000464099.5	nonsense_mediated_decay
ENST00000411419.7	protein_coding
ENST00000356792.9	protein_coding
ENST00000885091.1	protein_coding
ENST00000631148.2	protein_coding
ENST00000897045.1	protein_coding
ENST00000356306.9	nonsense_mediated_decay
ENST00000525665.5	nonsense_mediated_decay
ENST00000382671.8	nonsense_mediated_decay
ENST00000616316.3	protein_coding
ENST00000531688.2	nonsense_mediated_decay
ENST00000493230.5	nonsense_mediated_decay
ENST00000417302.7	protein_coding
ENST00000264555.10	protein_coding
ENST00000525445.6	protein_coding
ENST00000319863.13	protein_coding
ENST00000687890.1	nonsense_mediated_decay
ENST00000528218.5	nonsense_mediated_decay
ENST00000659225.2	lncRNA
ENST00000300738.10	protein_coding
ENST00000534405.5	nonsense_mediated_decay
ENST00000525235.2	nonsense_mediated_decay
ENST00000533379.1	nonsense_mediated_decay
ENST00000526711.5	nonsense_mediated_decay
ENST00000530135.5	protein_coding
ENST00000678132.1	nonsense_mediated_decay
ENST00000534599.5	nonsense_mediated_decay
ENST00000396648.6	protein_coding
ENST00000534147.5	protein_coding
ENST00000524543.5	nonsense_mediated_decay
ENST00000611268.4	protein_coding
ENST00000533723.1	protein_coding
ENST00000396597.7	protein_coding
ENST00000278175.10	protein_coding
ENST00000339995.11	protein_coding
ENST00000673626.1	nonsense_mediated_decay
ENST00000673888.1	nonsense_mediated_decay
ENST00000530457.5	protein_coding
ENST00000530609.5	nonsense_mediated_decay
ENST00000534686.5	nonsense_mediated_decay
ENST00000396215.7	nonsense_mediated_decay
ENST00000396196.6	nonsense_mediated_decay
ENST00000446113.7	protein_coding
ENST00000451739.7	protein_coding
ENST00000437814.1	nonsense_mediated_decay
ENST00000531632.6	protein_coding
ENST00000525763.5	nonsense_mediated_decay
ENST00000263398.11	protein_coding
ENST00000622144.4	protein_coding
ENST00000679072.1	nonsense_mediated_decay
ENST00000677116.1	nonsense_mediated_decay
ENST00000263776.9	protein_coding
ENST00000525680.6	protein_coding
ENST00000308064.7	protein_coding
ENST00000311764.3	protein_coding
ENST00000525895.5	nonsense_mediated_decay
ENST00000378601.7	nonsense_mediated_decay
ENST00000616278.4	nonsense_mediated_decay
ENST00000481020.5	retained_intron
ENST00000263773.10	protein_coding
ENST00000337672.9	protein_coding
ENST00000529403.1	nonsense_mediated_decay
ENST00000257264.4	protein_coding
ENST00000405633.4	protein_coding
ENST00000538739.2	protein_coding
ENST00000541505.5	nonsense_mediated_decay
ENST00000688279.1	nonsense_mediated_decay
ENST00000515837.7	protein_coding
ENST00000350997.12	protein_coding
ENST00000628829.2	protein_coding
ENST00000534571.5	protein_coding
ENST00000278845.8	protein_coding
ENST00000431002.6	protein_coding
ENST00000531709.6	protein_coding
ENST00000491231.5	nonsense_mediated_decay
ENST00000508192.5	protein_coding
ENST00000321460.5	protein_coding
ENST00000652762.2	protein_coding
ENST00000309032.8	protein_coding
ENST00000528355.5	nonsense_mediated_decay
ENST00000377390.8	protein_coding
ENST00000905621.1	protein_coding
ENST00000279249.3	protein_coding
ENST00000317568.10	protein_coding
ENST00000755231.1	lncRNA
ENST00000524944.5	protein_coding
ENST00000449319.2	protein_coding
ENST00000377046.7	protein_coding
ENST00000531596.6	nonsense_mediated_decay
ENST00000644142.1	nonsense_mediated_decay
ENST00000308110.9	protein_coding
ENST00000531972.5	nonsense_mediated_decay
ENST00000533037.5	nonsense_mediated_decay
ENST00000532401.1	protein_coding
ENST00000532933.1	protein_coding
ENST00000533166.5	protein_coding
ENST00000530745.3	nonsense_mediated_decay
ENST00000534073.5	nonsense_mediated_decay
ENST00000333861.5	protein_coding
ENST00000530961.5	nonsense_mediated_decay
ENST00000914058.1	protein_coding
ENST00000945066.1	protein_coding
ENST00000524506.5	protein_coding
ENST00000524849.5	nonsense_mediated_decay
ENST00000532881.5	nonsense_mediated_decay
ENST00000528964.5	nonsense_mediated_decay
ENST00000537042.5	nonsense_mediated_decay
ENST00000545682.5	nonsense_mediated_decay
ENST00000619675.4	nonsense_mediated_decay
ENST00000526446.5	nonsense_mediated_decay
ENST00000265686.8	protein_coding
ENST00000525724.5	retained_intron
ENST00000524845.5	protein_coding
ENST00000450904.6	protein_coding
ENST00000541279.1	nonsense_mediated_decay
ENST00000312293.9	protein_coding
ENST00000435507.6	nonsense_mediated_decay
ENST00000544519.1	protein_coding
ENST00000544819.5	nonsense_mediated_decay
ENST00000539061.6	protein_coding
ENST00000533603.5	protein_coding
ENST00000525876.1	protein_coding
ENST00000421973.1	protein_coding
ENST00000679866.1	nonsense_mediated_decay
ENST00000873307.1	protein_coding
ENST00000905808.1	protein_coding
ENST00000905813.1	protein_coding
ENST00000695098.1	nonsense_mediated_decay
ENST00000535943.2	nonsense_mediated_decay
ENST00000530054.1	protein_coding
ENST00000680866.1	nonsense_mediated_decay
ENST00000529745.5	nonsense_mediated_decay
ENST00000531477.5	nonsense_mediated_decay
ENST00000531366.5	nonsense_mediated_decay
ENST00000682836.1	nonsense_mediated_decay
ENST00000260058.9	nonsense_mediated_decay
ENST00000527529.6	nonsense_mediated_decay
ENST00000890388.1	protein_coding
ENST00000263317.9	protein_coding
ENST00000529343.5	nonsense_mediated_decay
ENST00000525317.5	nonsense_mediated_decay
ENST00000638487.1	nonsense_mediated_decay
ENST00000639189.1	nonsense_mediated_decay
ENST00000638270.1	retained_intron
ENST00000884094.1	protein_coding
ENST00000398187.6	nonsense_mediated_decay
ENST00000676177.1	nonsense_mediated_decay
ENST00000675320.1	nonsense_mediated_decay
ENST00000670091.1	nonsense_mediated_decay
ENST00000526781.5	protein_coding
ENST00000527309.2	protein_coding
ENST00000529281.5	nonsense_mediated_decay
ENST00000302251.9	protein_coding
ENST00000613512.4	protein_coding_LoF
ENST00000703420.1	protein_coding_LoF
ENST00000686617.1	nonsense_mediated_decay
ENST00000260270.3	protein_coding
ENST00000525866.5	nonsense_mediated_decay
ENST00000531487.1	nonsense_mediated_decay
ENST00000679368.1	nonsense_mediated_decay
ENST00000280352.13	protein_coding
ENST00000393047.8	protein_coding
ENST00000530104.2	retained_intron
ENST00000528679.5	nonsense_mediated_decay
ENST00000280362.8	protein_coding
ENST00000535142.5	nonsense_mediated_decay
ENST00000504030.7	protein_coding
ENST00000519236.5	nonsense_mediated_decay
ENST00000525079.5	nonsense_mediated_decay
ENST00000375167.1	nonsense_mediated_decay
ENST00000682946.1	nonsense_mediated_decay
ENST00000862571.1	protein_coding
ENST00000473629.6	retained_intron
ENST00000284290.8	nonsense_mediated_decay
ENST00000529543.5	nonsense_mediated_decay
ENST00000524950.1	protein_coding
ENST00000525448.5	retained_intron
ENST00000278919.8	protein_coding
ENST00000685601.1	nonsense_mediated_decay
ENST00000525770.5	nonsense_mediated_decay
ENST00000392678.7	protein_coding
ENST00000526727.5	protein_coding
ENST00000319397.7	protein_coding
ENST00000881671.1	protein_coding
ENST00000527116.5	retained_intron
ENST00000802045.1	lncRNA
ENST00000802050.1	lncRNA
ENST00000802092.1	lncRNA
ENST00000540885.1	retained_intron
ENST00000878963.1	protein_coding
ENST00000228799.7	protein_coding
ENST00000461997.5	protein_coding
ENST00000427057.6	protein_coding
ENST00000447133.7	protein_coding
ENST00000009180.10	protein_coding
ENST00000437813.8	nonsense_mediated_decay
ENST00000698340.1	nonsense_mediated_decay
ENST00000228916.7	protein_coding
ENST00000396966.6	protein_coding
ENST00000536350.5	protein_coding
ENST00000488381.5	nonsense_mediated_decay
ENST00000540683.1	protein_coding
ENST00000890095.1	protein_coding
ENST00000451681.5	nonsense_mediated_decay
ENST00000428946.5	nonsense_mediated_decay
ENST00000535366.5	protein_coding
ENST00000537087.5	protein_coding
ENST00000676496.1	nonsense_mediated_decay
ENST00000602298.2	retained_intron
ENST00000450991.6	nonsense_mediated_decay
ENST00000736764.1	lncRNA
ENST00000544257.5	nonsense_mediated_decay
ENST00000266458.10	protein_coding
ENST00000396439.7	protein_coding
ENST00000544850.5	nonsense_mediated_decay
ENST00000545236.5	nonsense_mediated_decay
ENST00000228862.3	protein_coding
ENST00000358064.3	nonsense_mediated_decay
ENST00000389078.3	nonsense_mediated_decay
ENST00000543468.5	nonsense_mediated_decay
ENST00000543612.5	protein_coding
ENST00000544970.5	nonsense_mediated_decay
ENST00000534981.5	nonsense_mediated_decay
ENST00000451604.7	protein_coding
ENST00000539282.5	protein_coding
ENST00000959850.1	protein_coding
ENST00000539176.1	nonsense_mediated_decay
ENST00000686305.1	nonsense_mediated_decay
ENST00000536761.5	protein_coding
ENST00000395758.3	nonsense_mediated_decay
ENST00000549258.5	nonsense_mediated_decay
ENST00000080059.12	protein_coding
ENST00000878543.1	protein_coding
ENST00000417344.2	nonsense_mediated_decay
ENST00000540990.5	protein_coding
ENST00000546531.5	nonsense_mediated_decay
ENST00000267102.13	protein_coding
ENST00000551272.5	retained_intron
ENST00000549412.5	nonsense_mediated_decay
ENST00000312377.10	protein_coding
ENST00000547787.5	nonsense_mediated_decay
ENST00000547318.5	nonsense_mediated_decay
ENST00000549686.5	nonsense_mediated_decay
ENST00000550100.5	nonsense_mediated_decay
ENST00000546814.1	retained_intron
ENST00000603864.5	protein_coding
ENST00000257963.9	protein_coding
ENST00000243050.5	protein_coding
ENST00000908678.1	protein_coding
ENST00000546390.2	protein_coding
ENST00000692008.1	protein_coding
ENST00000549488.5	protein_coding
ENST00000243108.5	protein_coding
ENST00000547566.5	nonsense_mediated_decay
ENST00000550171.5	nonsense_mediated_decay
ENST00000549117.5	protein_coding
ENST00000546604.5	nonsense_mediated_decay
ENST00000552884.5	nonsense_mediated_decay
ENST00000553131.5	retained_intron
ENST00000873596.1	protein_coding
ENST00000855893.1	protein_coding
ENST00000714370.1	nonsense_mediated_decay
ENST00000554764.6	nonsense_mediated_decay
ENST00000414700.7	protein_coding
ENST00000557348.5	nonsense_mediated_decay
ENST00000547303.5	protein_coding
ENST00000346473.8	protein_coding
ENST00000552740.5	protein_coding
ENST00000550201.5	nonsense_mediated_decay
ENST00000266643.6	protein_coding
ENST00000718428.1	protein_coding
ENST00000651284.1	nonsense_mediated_decay
ENST00000540550.6	protein_coding
ENST00000651066.1	nonsense_mediated_decay
ENST00000312635.10	protein_coding
ENST00000543342.5	nonsense_mediated_decay
ENST00000695902.1	nonsense_mediated_decay
ENST00000542397.5	protein_coding_CDS_not_defined
ENST00000652537.1	nonsense_mediated_decay
ENST00000283172.9	nonsense_mediated_decay
ENST00000229179.9	protein_coding
ENST00000674096.1	nonsense_mediated_decay
ENST00000417413.7	nonsense_mediated_decay
ENST00000462788.6	nonsense_mediated_decay
ENST00000320460.8	protein_coding
ENST00000261203.7	nonsense_mediated_decay
ENST00000644744.1	protein_coding
ENST00000279488.8	protein_coding
ENST00000549035.1	protein_coding
ENST00000318066.7	protein_coding
ENST00000549490.1	nonsense_mediated_decay
ENST00000261226.9	protein_coding
ENST00000552205.6	nonsense_mediated_decay
ENST00000684558.1	nonsense_mediated_decay
ENST00000851270.1	protein_coding
ENST00000547997.5	nonsense_mediated_decay
ENST00000261210.9	protein_coding
ENST00000548180.5	nonsense_mediated_decay
ENST00000852221.1	protein_coding
ENST00000462949.5	nonsense_mediated_decay
ENST00000551813.1	protein_coding
ENST00000412830.8	protein_coding
ENST00000552695.6	protein_coding
ENST00000547528.5	nonsense_mediated_decay
ENST00000446767.2	nonsense_mediated_decay
ENST00000537496.5	nonsense_mediated_decay
ENST00000447878.6	nonsense_mediated_decay
ENST00000397655.7	protein_coding
ENST00000893897.1	protein_coding
ENST00000455836.1	protein_coding
ENST00000681505.1	nonsense_mediated_decay
ENST00000547630.1	nonsense_mediated_decay
ENST00000874651.1	protein_coding
ENST00000470612.5	nonsense_mediated_decay
ENST00000229328.10	protein_coding
ENST00000884789.1	protein_coding
ENST00000548171.1	nonsense_mediated_decay
ENST00000546942.1	retained_intron
ENST00000681590.1	nonsense_mediated_decay
ENST00000542364.1	nonsense_mediated_decay
ENST00000541212.6	protein_coding
ENST00000543699.5	nonsense_mediated_decay
ENST00000342392.3	nonsense_mediated_decay
ENST00000433877.6	nonsense_mediated_decay
ENST00000532695.5	nonsense_mediated_decay
ENST00000452196.6	retained_intron
ENST00000425637.3	nonsense_mediated_decay
ENST00000437519.5	nonsense_mediated_decay
ENST00000718482.1	protein_coding
ENST00000718484.1	nonsense_mediated_decay
ENST00000618160.4	protein_coding
ENST00000681117.1	nonsense_mediated_decay
ENST00000852620.1	protein_coding
ENST00000392373.7	protein_coding
ENST00000535004.2	nonsense_mediated_decay
ENST00000704860.1	protein_coding
ENST00000542282.5	protein_coding
ENST00000687165.1	protein_coding
ENST00000536790.5	nonsense_mediated_decay
ENST00000592241.5	protein_coding
ENST00000471658.5	nonsense_mediated_decay
ENST00000492741.5	nonsense_mediated_decay
ENST00000382907.8	protein_coding
ENST00000906236.1	protein_coding
ENST00000298260.8	nonsense_mediated_decay
ENST00000320220.13	protein_coding
ENST00000869726.1	protein_coding
ENST00000700501.1	nonsense_mediated_decay
ENST00000319826.8	protein_coding
ENST00000630972.2	protein_coding
ENST00000674297.1	protein_coding
ENST00000892821.1	protein_coding
ENST00000680488.1	nonsense_mediated_decay
ENST00000681043.1	nonsense_mediated_decay
ENST00000681581.1	nonsense_mediated_decay
ENST00000625998.2	protein_coding
ENST00000439329.5	protein_coding
ENST00000646097.1	protein_coding
ENST00000713859.1	nonsense_mediated_decay
ENST00000650833.1	nonsense_mediated_decay
ENST00000679359.1	nonsense_mediated_decay
ENST00000650049.2	nonsense_mediated_decay
ENST00000680058.1	retained_intron
ENST00000876239.1	protein_coding
ENST00000856144.1	protein_coding
ENST00000446759.6	protein_coding
ENST00000703125.1	nonsense_mediated_decay
ENST00000299339.3	protein_coding
ENST00000680254.1	protein_coding
ENST00000680505.1	protein_coding
ENST00000649778.1	nonsense_mediated_decay
ENST00000488362.5	protein_coding
ENST00000383029.7	nonsense_mediated_decay
ENST00000893214.1	protein_coding
ENST00000358932.9	protein_coding
ENST00000556854.5	nonsense_mediated_decay
ENST00000361505.10	protein_coding
ENST00000557550.6	nonsense_mediated_decay
ENST00000298681.5	protein_coding
ENST00000397441.6	protein_coding
ENST00000487137.7	protein_coding
ENST00000558581.5	protein_coding
ENST00000561028.6	protein_coding
ENST00000216780.9	protein_coding
ENST00000558273.5	nonsense_mediated_decay
ENST00000699886.1	nonsense_mediated_decay
ENST00000560155.5	nonsense_mediated_decay
ENST00000533523.6	nonsense_mediated_decay
ENST00000418030.7	protein_coding
ENST00000554756.1	nonsense_mediated_decay
ENST00000554344.5	protein_coding
ENST00000538105.6	protein_coding
ENST00000678006.1	retained_intron
ENST00000678399.1	nonsense_mediated_decay
ENST00000555358.5	nonsense_mediated_decay
ENST00000549850.1	nonsense_mediated_decay
ENST00000547839.5	nonsense_mediated_decay
ENST00000678519.1	nonsense_mediated_decay
ENST00000557217.5	nonsense_mediated_decay
ENST00000412033.7	nonsense_mediated_decay
ENST00000650481.1	nonsense_mediated_decay
ENST00000555269.5	nonsense_mediated_decay
ENST00000424478.5	nonsense_mediated_decay
ENST00000305386.4	protein_coding
ENST00000491402.5	nonsense_mediated_decay
ENST00000421284.7	protein_coding
ENST00000445930.7	protein_coding
ENST00000907177.1	protein_coding
ENST00000555497.5	nonsense_mediated_decay
ENST00000887187.1	protein_coding
ENST00000552941.6	nonsense_mediated_decay
ENST00000642625.1	nonsense_mediated_decay
ENST00000394606.6	nonsense_mediated_decay
ENST00000561303.5	nonsense_mediated_decay
ENST00000558001.1	nonsense_mediated_decay
ENST00000216456.6	nonsense_mediated_decay
ENST00000409018.7	protein_coding
ENST00000492815.5	nonsense_mediated_decay
ENST00000628474.2	nonsense_mediated_decay
ENST00000555840.5	nonsense_mediated_decay
ENST00000342745.5	protein_coding
ENST00000304743.7	protein_coding
ENST00000381216.8	nonsense_mediated_decay
ENST00000863601.1	protein_coding
ENST00000629426.2	protein_coding
ENST00000481935.5	nonsense_mediated_decay
ENST00000553486.5	nonsense_mediated_decay
ENST00000555463.1	protein_coding
ENST00000524913.3	protein_coding
ENST00000238616.10	protein_coding
ENST00000557057.5	nonsense_mediated_decay
ENST00000706675.1	retained_intron
ENST00000359366.10	nonsense_mediated_decay
ENST00000556968.2	nonsense_mediated_decay
ENST00000298912.9	protein_coding
ENST00000681195.1	protein_coding
ENST00000681524.1	nonsense_mediated_decay
ENST00000679977.1	nonsense_mediated_decay
ENST00000556715.6	nonsense_mediated_decay
ENST00000559514.5	nonsense_mediated_decay
ENST00000560371.5	protein_coding
ENST00000361246.7	protein_coding
ENST00000216554.8	protein_coding
ENST00000676694.1	nonsense_mediated_decay
ENST00000389749.9	protein_coding
ENST00000440963.2	nonsense_mediated_decay
ENST00000555030.5	protein_coding
ENST00000392634.9	protein_coding
ENST00000389964.7	nonsense_mediated_decay
ENST00000327359.7	protein_coding
ENST00000463376.6	protein_coding
ENST00000325438.12	protein_coding
ENST00000438610.5	nonsense_mediated_decay
ENST00000354560.10	protein_coding
ENST00000400188.7	protein_coding
ENST00000536835.4	lncRNA
ENST00000749752.1	lncRNA
ENST00000685924.1	protein_coding
ENST00000670849.1	protein_coding
ENST00000567567.5	nonsense_mediated_decay
ENST00000475752.1	retained_intron
ENST00000558205.5	nonsense_mediated_decay
ENST00000642817.1	nonsense_mediated_decay
ENST00000560981.5	nonsense_mediated_decay
ENST00000852444.1	protein_coding
ENST00000525066.5	nonsense_mediated_decay
ENST00000617768.5	protein_coding
ENST00000678745.1	nonsense_mediated_decay
ENST00000559127.5	nonsense_mediated_decay
ENST00000260386.7	protein_coding
ENST00000408047.5	protein_coding
ENST00000290497.11	nonsense_mediated_decay
ENST00000448392.6	nonsense_mediated_decay
ENST00000391623.8	nonsense_mediated_decay
ENST00000564279.5	nonsense_mediated_decay
ENST00000566515.5	nonsense_mediated_decay
ENST00000569745.5	nonsense_mediated_decay
ENST00000563065.5	nonsense_mediated_decay
ENST00000568507.5	nonsense_mediated_decay
ENST00000409617.6	nonsense_mediated_decay
ENST00000442995.4	protein_coding
ENST00000560572.6	protein_coding
ENST00000220531.9	protein_coding
ENST00000558289.5	retained_intron
ENST00000692874.1	retained_intron
ENST00000563277.5	protein_coding
ENST00000461408.2	protein_coding
ENST00000558157.5	nonsense_mediated_decay
ENST00000559192.5	nonsense_mediated_decay
ENST00000559844.6	protein_coding
ENST00000559152.5	nonsense_mediated_decay
ENST00000560149.5	protein_coding_CDS_not_defined
ENST00000566524.5	nonsense_mediated_decay
ENST00000638076.1	nonsense_mediated_decay
ENST00000636212.1	nonsense_mediated_decay
ENST00000306917.5	protein_coding
ENST00000261861.10	protein_coding
ENST00000864106.1	protein_coding
ENST00000909132.1	protein_coding
ENST00000902294.1	protein_coding
ENST00000344870.4	protein_coding
ENST00000560107.6	nonsense_mediated_decay
ENST00000268097.10	protein_coding
ENST00000567411.5	nonsense_mediated_decay
ENST00000565160.6	nonsense_mediated_decay
ENST00000561914.6	nonsense_mediated_decay
ENST00000718296.1	nonsense_mediated_decay
ENST00000566829.2	protein_coding
ENST00000567941.5	nonsense_mediated_decay
ENST00000261921.8	protein_coding
ENST00000316911.10	protein_coding
ENST00000379727.8	protein_coding
ENST00000395048.6	protein_coding
ENST00000853122.1	protein_coding
ENST00000562201.5	nonsense_mediated_decay
ENST00000570276.5	retained_intron
ENST00000566631.5	nonsense_mediated_decay
ENST00000563069.5	nonsense_mediated_decay
ENST00000562765.5	nonsense_mediated_decay
ENST00000342932.8	protein_coding
ENST00000569022.1	nonsense_mediated_decay
ENST00000560667.5	nonsense_mediated_decay
ENST00000543455.1	nonsense_mediated_decay
ENST00000479961.1	protein_coding
ENST00000267953.4	protein_coding
ENST00000696336.1	nonsense_mediated_decay
ENST00000647841.1	protein_coding
ENST00000379384.9	nonsense_mediated_decay
ENST00000379358.7	protein_coding
ENST00000394553.6	protein_coding
ENST00000560302.5	protein_coding
ENST00000337975.6	protein_coding
ENST00000649642.1	nonsense_mediated_decay
ENST00000336418.9	protein_coding
ENST00000423566.6	nonsense_mediated_decay
ENST00000928644.1	protein_coding
ENST00000268182.10	protein_coding
ENST00000420329.6	protein_coding
ENST00000394249.8	protein_coding
ENST00000574755.5	nonsense_mediated_decay
ENST00000923924.1	protein_coding
ENST00000398226.8	protein_coding
ENST00000559309.5	nonsense_mediated_decay
ENST00000817412.1	lncRNA
ENST00000629543.2	protein_coding
ENST00000448828.5	nonsense_mediated_decay
ENST00000437024.5	nonsense_mediated_decay
ENST00000568077.5	nonsense_mediated_decay
ENST00000565677.5	protein_coding
ENST00000565425.5	nonsense_mediated_decay
ENST00000568834.5	nonsense_mediated_decay
ENST00000565031.1	retained_intron
ENST00000567719.2	protein_coding
ENST00000301727.9	protein_coding
ENST00000293968.11	nonsense_mediated_decay
ENST00000302641.8	protein_coding
ENST00000573514.5	protein_coding
ENST00000576863.1	nonsense_mediated_decay
ENST00000576500.5	nonsense_mediated_decay
ENST00000262375.11	protein_coding
ENST00000536343.5	nonsense_mediated_decay
ENST00000586536.1	protein_coding
ENST00000450067.6	protein_coding
ENST00000590193.5	nonsense_mediated_decay
ENST00000592077.5	nonsense_mediated_decay
ENST00000875662.1	protein_coding
ENST00000587843.5	nonsense_mediated_decay
ENST00000682797.1	nonsense_mediated_decay
ENST00000163678.11	nonsense_mediated_decay
ENST00000566604.5	nonsense_mediated_decay
ENST00000268261.9	protein_coding
ENST00000562318.5	nonsense_mediated_decay
ENST00000565221.5	nonsense_mediated_decay
ENST00000469379.5	protein_coding
ENST00000571688.6	protein_coding
ENST00000413364.6	protein_coding
ENST00000355758.9	protein_coding
ENST00000261658.7	protein_coding
ENST00000565187.5	nonsense_mediated_decay
ENST00000300006.9	protein_coding
ENST00000575744.5	protein_coding
ENST00000572415.5	nonsense_mediated_decay
ENST00000261381.7	protein_coding
ENST00000884970.1	protein_coding
ENST00000576008.5	nonsense_mediated_decay
ENST00000566049.5	nonsense_mediated_decay
ENST00000564172.1	nonsense_mediated_decay
ENST00000566993.5	nonsense_mediated_decay
ENST00000561630.1	nonsense_mediated_decay
ENST00000300061.3	protein_coding
ENST00000637184.1	nonsense_mediated_decay
ENST00000538342.5	protein_coding
ENST00000568556.2	nonsense_mediated_decay
ENST00000717361.1	lncRNA
ENST00000395384.9	protein_coding
ENST00000693260.1	nonsense_mediated_decay
ENST00000564296.5	nonsense_mediated_decay
ENST00000563177.5	protein_coding
ENST00000338110.11	protein_coding
ENST00000627746.2	protein_coding
ENST00000263025.9	protein_coding
ENST00000356166.11	protein_coding
ENST00000566605.5	nonsense_mediated_decay
ENST00000562801.5	retained_intron
ENST00000303155.9	protein_coding
ENST00000464071.1	nonsense_mediated_decay
ENST00000720762.1	lncRNA
ENST00000682543.1	nonsense_mediated_decay
ENST00000682493.1	nonsense_mediated_decay
ENST00000684673.1	nonsense_mediated_decay
ENST00000439977.7	protein_coding
ENST00000300302.9	protein_coding
ENST00000860536.1	protein_coding
ENST00000423271.8	protein_coding
ENST00000427443.5	nonsense_mediated_decay
ENST00000351137.8	protein_coding
ENST00000566756.5	nonsense_mediated_decay
ENST00000568470.6	nonsense_mediated_decay
ENST00000886314.1	protein_coding
ENST00000290881.11	protein_coding
ENST00000477898.5	protein_coding
ENST00000562235.5	nonsense_mediated_decay
ENST00000695662.1	nonsense_mediated_decay
ENST00000695711.1	nonsense_mediated_decay
ENST00000626059.2	protein_coding
ENST00000569436.7	protein_coding
ENST00000264005.10	protein_coding
ENST00000572037.5	nonsense_mediated_decay
ENST00000566188.5	protein_coding
ENST00000566612.5	nonsense_mediated_decay
ENST00000379047.7	protein_coding
ENST00000359154.7	protein_coding
ENST00000568684.1	protein_coding
ENST00000573141.7	lncRNA
ENST00000676168.1	nonsense_mediated_decay
ENST00000564415.6	nonsense_mediated_decay
ENST00000703108.1	nonsense_mediated_decay
ENST00000569717.5	nonsense_mediated_decay
ENST00000268483.8	protein_coding
ENST00000426362.6	protein_coding
ENST00000649341.1	nonsense_mediated_decay
ENST00000562410.5	nonsense_mediated_decay
ENST00000566445.5	nonsense_mediated_decay
ENST00000638948.1	protein_coding
ENST00000393306.6	protein_coding
ENST00000861762.1	protein_coding
ENST00000854733.1	protein_coding
ENST00000564105.5	nonsense_mediated_decay
ENST00000642695.1	protein_coding
ENST00000315491.12	protein_coding
ENST00000620723.4	protein_coding
ENST00000566266.5	nonsense_mediated_decay
ENST00000680970.1	protein_coding
ENST00000574509.1	nonsense_mediated_decay
ENST00000336868.8	protein_coding
ENST00000327158.5	protein_coding
ENST00000304992.11	protein_coding
ENST00000547178.5	protein_coding
ENST00000571980.1	nonsense_mediated_decay
ENST00000885792.1	protein_coding
ENST00000318833.4	protein_coding
ENST00000700533.1	nonsense_mediated_decay
ENST00000572019.2	nonsense_mediated_decay
ENST00000539417.6	nonsense_mediated_decay
ENST00000573577.5	nonsense_mediated_decay
ENST00000573759.1	protein_coding
ENST00000570337.6	protein_coding
ENST00000685813.1	lncRNA
ENST00000546395.5	nonsense_mediated_decay
ENST00000552321.2	nonsense_mediated_decay
ENST00000360325.11	protein_coding
ENST00000576201.5	protein_coding
ENST00000302422.4	protein_coding
ENST00000536404.6	protein_coding
ENST00000572719.5	nonsense_mediated_decay
ENST00000576272.5	nonsense_mediated_decay
ENST00000498311.5	nonsense_mediated_decay
ENST00000698745.1	nonsense_mediated_decay
ENST00000563694.6	protein_coding
ENST00000575858.5	nonsense_mediated_decay
ENST00000468843.1	nonsense_mediated_decay
ENST00000602305.5	nonsense_mediated_decay
ENST00000602375.5	nonsense_mediated_decay
ENST00000581931.5	nonsense_mediated_decay
ENST00000464847.6	protein_coding
ENST00000793441.1	lncRNA
ENST00000414673.5	transcribed_unprocessed_pseudogene
ENST00000582047.2	retained_intron
ENST00000395807.2	protein_coding_CDS_not_defined
ENST00000855605.1	protein_coding
ENST00000582981.5	nonsense_mediated_decay
ENST00000580002.5	nonsense_mediated_decay
ENST00000883329.1	protein_coding
ENST00000399134.5	protein_coding
ENST00000571542.6	lncRNA
ENST00000571018.5	nonsense_mediated_decay
ENST00000395656.6	nonsense_mediated_decay
ENST00000583020.1	nonsense_mediated_decay
ENST00000583540.2	nonsense_mediated_decay
ENST00000468746.5	nonsense_mediated_decay
ENST00000578426.5	nonsense_mediated_decay
ENST00000467111.5	nonsense_mediated_decay
ENST00000582037.2	protein_coding
ENST00000394933.7	protein_coding
ENST00000580805.5	nonsense_mediated_decay
ENST00000394901.7	protein_coding
ENST00000261716.8	protein_coding
ENST00000475652.5	nonsense_mediated_decay
ENST00000578692.1	nonsense_mediated_decay
ENST00000306049.9	nonsense_mediated_decay
ENST00000443677.6	protein_coding
ENST00000543378.7	protein_coding
ENST00000341671.12	protein_coding
ENST00000583994.5	nonsense_mediated_decay
ENST00000578205.5	nonsense_mediated_decay
ENST00000586044.5	nonsense_mediated_decay
ENST00000610402.5	protein_coding
ENST00000852321.1	protein_coding
ENST00000604694.2	nonsense_mediated_decay
ENST00000612760.1	protein_coding
ENST00000680579.1	nonsense_mediated_decay
ENST00000612727.5	protein_coding
ENST00000894207.1	protein_coding
ENST00000619299.4	nonsense_mediated_decay
ENST00000578373.5	nonsense_mediated_decay
ENST00000887915.1	protein_coding
ENST00000582781.5	nonsense_mediated_decay
ENST00000644701.1	protein_coding
ENST00000684280.1	protein_coding
ENST00000321562.9	protein_coding
ENST00000586335.2	nonsense_mediated_decay
ENST00000585866.6	nonsense_mediated_decay
ENST00000449471.8	protein_coding
ENST00000585828.5	retained_intron
ENST00000586870.5	nonsense_mediated_decay
ENST00000591022.6	protein_coding
ENST00000591765.1	protein_coding
ENST00000496503.5	nonsense_mediated_decay
ENST00000696385.1	nonsense_mediated_decay
ENST00000357984.7	protein_coding
ENST00000319511.6	protein_coding
ENST00000587228.5	nonsense_mediated_decay
ENST00000315323.5	protein_coding
ENST00000526924.5	nonsense_mediated_decay
ENST00000676828.1	nonsense_mediated_decay
ENST00000590310.2	protein_coding
ENST00000687955.1	nonsense_mediated_decay
ENST00000688577.1	nonsense_mediated_decay
ENST00000581448.5	nonsense_mediated_decay
ENST00000570618.6	protein_coding
ENST00000576629.6	protein_coding
ENST00000571864.6	nonsense_mediated_decay
ENST00000575949.6	protein_coding
ENST00000783718.1	lncRNA
ENST00000421763.5	nonsense_mediated_decay
ENST00000641323.1	nonsense_mediated_decay
ENST00000359238.7	protein_coding
ENST00000507773.6	nonsense_mediated_decay
ENST00000434704.2	protein_coding
ENST00000503127.5	nonsense_mediated_decay
ENST00000348161.8	protein_coding
ENST00000572558.5	nonsense_mediated_decay
ENST00000577830.6	protein_coding
ENST00000577497.5	retained_intron
ENST00000675753.2	nonsense_mediated_decay
ENST00000393120.6	nonsense_mediated_decay
ENST00000482007.5	nonsense_mediated_decay
ENST00000850582.1	nonsense_mediated_decay
ENST00000693102.1	nonsense_mediated_decay
ENST00000693196.1	nonsense_mediated_decay
ENST00000582034.5	protein_coding
ENST00000431926.7	nonsense_mediated_decay
ENST00000584573.5	protein_coding
ENST00000259006.8	protein_coding
ENST00000582055.1	protein_coding
ENST00000579687.5	protein_coding
ENST00000678814.1	nonsense_mediated_decay
ENST00000262435.14	protein_coding
ENST00000584585.4	lncRNA
ENST00000813196.1	lncRNA
ENST00000535342.7	protein_coding
ENST00000413366.8	protein_coding
ENST00000593253.5	non_stop_decay
ENST00000579732.5	protein_coding
ENST00000877279.1	protein_coding
ENST00000357814.8	protein_coding
ENST00000580301.5	protein_coding
ENST00000583757.5	protein_coding
ENST00000582773.5	protein_coding
ENST00000534480.5	nonsense_mediated_decay
ENST00000872983.1	protein_coding
ENST00000450736.6	protein_coding
ENST00000582160.5	protein_coding
ENST00000304834.11	nonsense_mediated_decay
ENST00000621870.4	nonsense_mediated_decay
ENST00000442286.6	protein_coding
ENST00000582022.5	nonsense_mediated_decay
ENST00000450894.7	protein_coding
ENST00000207549.9	protein_coding
ENST00000587339.2	nonsense_mediated_decay
ENST00000573078.5	nonsense_mediated_decay
ENST00000640006.2	protein_coding
ENST00000710623.1	protein_coding
ENST00000592042.5	nonsense_mediated_decay
ENST00000359088.9	nonsense_mediated_decay
ENST00000303996.10	nonsense_mediated_decay
ENST00000542934.5	nonsense_mediated_decay
ENST00000585202.5	nonsense_mediated_decay
ENST00000452355.7	nonsense_mediated_decay
ENST00000585618.5	protein_coding
ENST00000698547.1	nonsense_mediated_decay
ENST00000698548.1	protein_coding
ENST00000590925.6	nonsense_mediated_decay
ENST00000573150.5	nonsense_mediated_decay
ENST00000573283.7	protein_coding
ENST00000329214.13	protein_coding
ENST00000676478.1	nonsense_mediated_decay
ENST00000574129.5	nonsense_mediated_decay
ENST00000306796.10	protein_coding
ENST00000582907.5	nonsense_mediated_decay
ENST00000683821.1	protein_coding
ENST00000269394.4	protein_coding
ENST00000580038.5	nonsense_mediated_decay
ENST00000320876.11	protein_coding
ENST00000677752.1	protein_coding
ENST00000400175.9	protein_coding
ENST00000343820.10	protein_coding
ENST00000580483.5	nonsense_mediated_decay
ENST00000496196.5	nonsense_mediated_decay
ENST00000687337.1	nonsense_mediated_decay
ENST00000590956.5	protein_coding
ENST00000336990.8	protein_coding
ENST00000440960.6	protein_coding
ENST00000592149.5	protein_coding
ENST00000699166.1	nonsense_mediated_decay
ENST00000256925.12	protein_coding
ENST00000473688.5	nonsense_mediated_decay
ENST00000863696.1	protein_coding
ENST00000621648.4	protein_coding
ENST00000257189.5	protein_coding
ENST00000283351.10	protein_coding
ENST00000589050.1	non_stop_decay
ENST00000539560.5	nonsense_mediated_decay
ENST00000261326.6	protein_coding
ENST00000398654.7	nonsense_mediated_decay
ENST00000588183.5	nonsense_mediated_decay
ENST00000640530.1	nonsense_mediated_decay
ENST00000639115.1	nonsense_mediated_decay
ENST00000357574.7	protein_coding
ENST00000585494.5	nonsense_mediated_decay
ENST00000650045.1	nonsense_mediated_decay
ENST00000536691.5	nonsense_mediated_decay
ENST00000544088.6	protein_coding
ENST00000564631.5	nonsense_mediated_decay
ENST00000591814.5	protein_coding
ENST00000355491.5	nonsense_mediated_decay
ENST00000585769.5	nonsense_mediated_decay
ENST00000361574.10	protein_coding
ENST00000589428.5	nonsense_mediated_decay
ENST00000263620.8	protein_coding
ENST00000593219.6	nonsense_mediated_decay
ENST00000585630.5	protein_coding
ENST00000593052.5	protein_coding
ENST00000585675.6	protein_coding
ENST00000591099.6	protein_coding
ENST00000215631.9	protein_coding
ENST00000429344.7	protein_coding
ENST00000600938.5	nonsense_mediated_decay
ENST00000859622.1	protein_coding
ENST00000448587.6	protein_coding
ENST00000579562.5	nonsense_mediated_decay
ENST00000850998.1	protein_coding
ENST00000589620.6	protein_coding
ENST00000458379.7	protein_coding
ENST00000589918.5	protein_coding
ENST00000303657.10	protein_coding
ENST00000595831.5	nonsense_mediated_decay
ENST00000593729.5	nonsense_mediated_decay
ENST00000859744.1	protein_coding
ENST00000443819.5	nonsense_mediated_decay
ENST00000393793.5	protein_coding
ENST00000706693.1	nonsense_mediated_decay
ENST00000586417.5	nonsense_mediated_decay
ENST00000588857.5	nonsense_mediated_decay
ENST00000588667.5	nonsense_mediated_decay
ENST00000559340.2	nonsense_mediated_decay
ENST00000439556.3	protein_coding
ENST00000414906.5	nonsense_mediated_decay
ENST00000598225.5	nonsense_mediated_decay
ENST00000601537.5	nonsense_mediated_decay
ENST00000591254.1	nonsense_mediated_decay
ENST00000591499.5	nonsense_mediated_decay
ENST00000593114.5	nonsense_mediated_decay
ENST00000865481.1	protein_coding
ENST00000865480.1	protein_coding
ENST00000590508.6	protein_coding
ENST00000870924.1	protein_coding
ENST00000533683.7	protein_coding
ENST00000254322.3	protein_coding
ENST00000677204.1	protein_coding
ENST00000598987.5	nonsense_mediated_decay
ENST00000680461.1	nonsense_mediated_decay
ENST00000598597.7	nonsense_mediated_decay
ENST00000680803.1	nonsense_mediated_decay
ENST00000550308.6	protein_coding
ENST00000664983.1	retained_intron
ENST00000602022.5	nonsense_mediated_decay
ENST00000221671.8	protein_coding
ENST00000481671.6	nonsense_mediated_decay
ENST00000627144.2	protein_coding
ENST00000248076.4	protein_coding
ENST00000595101.5	protein_coding
ENST00000527220.2	nonsense_mediated_decay
ENST00000594761.5	nonsense_mediated_decay
ENST00000690841.1	nonsense_mediated_decay
ENST00000379656.7	protein_coding
ENST00000596962.5	nonsense_mediated_decay
ENST00000252809.3	protein_coding
ENST00000582770.6	nonsense_mediated_decay
ENST00000862464.1	protein_coding
ENST00000629999.3	nonsense_mediated_decay
ENST00000602113.5	nonsense_mediated_decay
ENST00000452918.7	protein_coding
ENST00000630940.2	nonsense_mediated_decay
ENST00000602804.5	nonsense_mediated_decay
ENST00000588731.6	nonsense_mediated_decay
ENST00000502506.6	nonsense_mediated_decay
ENST00000507754.9	protein_coding
ENST00000557978.6	nonsense_mediated_decay
ENST00000444249.6	protein_coding
ENST00000592160.5	protein_coding
ENST00000601100.5	protein_coding
ENST00000469078.5	nonsense_mediated_decay
ENST00000261560.10	protein_coding
ENST00000937689.1	protein_coding
ENST00000311048.11	protein_coding
ENST00000596989.1	protein_coding_CDS_not_defined
ENST00000342680.5	nonsense_mediated_decay
ENST00000574110.5	nonsense_mediated_decay
ENST00000254262.9	nonsense_mediated_decay
ENST00000284000.9	protein_coding
ENST00000587385.6	retained_intron
ENST00000601957.5	protein_coding
ENST00000600231.5	nonsense_mediated_decay
ENST00000262631.11	protein_coding
ENST00000592290.5	nonsense_mediated_decay
ENST00000592092.2	retained_intron
ENST00000378887.4	protein_coding
ENST00000360535.9	protein_coding
ENST00000433993.6	protein_coding
ENST00000684119.1	protein_coding
ENST00000588512.5	nonsense_mediated_decay
ENST00000882775.1	protein_coding
ENST00000866821.1	protein_coding
ENST00000378626.5	protein_coding
ENST00000314980.5	protein_coding
ENST00000572515.5	protein_coding
ENST00000509705.3	nonsense_mediated_decay
ENST00000881776.1	protein_coding
ENST00000292853.9	protein_coding
ENST00000601358.5	nonsense_mediated_decay
ENST00000391844.8	nonsense_mediated_decay
ENST00000409735.9	protein_coding
ENST00000643596.1	nonsense_mediated_decay
ENST00000396819.8	protein_coding
ENST00000679002.1	retained_intron
ENST00000263370.3	protein_coding
ENST00000378313.7	protein_coding
ENST00000594136.2	nonsense_mediated_decay
ENST00000593726.5	protein_coding
ENST00000593545.5	nonsense_mediated_decay
ENST00000389341.9	protein_coding
ENST00000596251.6	protein_coding
ENST00000453535.1	nonsense_mediated_decay
ENST00000406487.6	protein_coding
ENST00000405312.8	protein_coding
ENST00000594342.5	nonsense_mediated_decay
ENST00000270066.11	protein_coding
ENST00000593088.5	nonsense_mediated_decay
ENST00000620012.4	nonsense_mediated_decay
ENST00000344956.8	protein_coding
ENST00000611077.5	protein_coding
ENST00000391952.7	nonsense_mediated_decay
ENST00000245932.11	protein_coding
ENST00000302177.3	protein_coding
ENST00000600194.5	protein_coding
ENST00000597589.5	retained_intron
ENST00000263280.11	protein_coding
ENST00000391910.7	protein_coding
ENST00000596995.1	nonsense_mediated_decay
ENST00000221922.11	protein_coding
ENST00000340932.7	protein_coding
ENST00000245222.9	protein_coding
ENST00000597011.5	protein_coding
ENST00000594195.2	nonsense_mediated_decay
ENST00000600406.2	protein_coding
ENST00000200453.6	protein_coding
ENST00000704027.1	protein_coding
ENST00000880971.1	protein_coding
ENST00000601065.5	nonsense_mediated_decay
ENST00000889928.1	protein_coding
ENST00000309877.11	protein_coding
ENST00000598979.5	nonsense_mediated_decay
ENST00000377092.8	nonsense_mediated_decay
ENST00000599732.5	protein_coding
ENST00000601675.5	protein_coding
ENST00000270617.8	protein_coding
ENST00000391809.6	protein_coding
ENST00000599881.5	nonsense_mediated_decay
ENST00000597707.5	protein_coding
ENST00000544410.1	nonsense_mediated_decay
ENST00000874499.1	protein_coding
ENST00000319590.8	protein_coding
ENST00000330123.9	protein_coding
ENST00000594682.6	nonsense_mediated_decay
ENST00000598578.5	nonsense_mediated_decay
ENST00000431666.6	protein_coding
ENST00000396383.5	protein_coding
ENST00000436445.5	nonsense_mediated_decay
ENST00000326764.10	protein_coding
ENST00000524407.7	protein_coding
ENST00000587283.5	protein_coding
ENST00000445196.5	nonsense_mediated_decay
ENST00000444469.4	protein_coding
ENST00000425675.7	protein_coding
ENST00000085068.7	protein_coding
ENST00000935738.1	protein_coding
ENST00000434937.3	protein_coding
ENST00000468396.5	lncRNA
ENST00000597061.1	nonsense_mediated_decay
ENST00000602149.1	protein_coding
ENST00000447310.5	nonsense_mediated_decay
ENST00000299871.9	protein_coding
ENST00000451275.1	nonsense_mediated_decay
ENST00000600125.5	nonsense_mediated_decay
ENST00000601584.1	nonsense_mediated_decay
ENST00000596248.1	nonsense_mediated_decay
ENST00000601521.5	protein_coding
ENST00000217233.9	protein_coding
ENST00000461304.5	nonsense_mediated_decay
ENST00000681539.1	protein_coding
ENST00000681129.1	protein_coding
ENST00000645910.1	nonsense_mediated_decay
ENST00000217254.11	protein_coding
ENST00000541082.2	protein_coding
ENST00000381812.5	protein_coding
ENST00000474384.2	nonsense_mediated_decay
ENST00000876978.1	protein_coding
ENST00000416600.6	protein_coding
ENST00000428216.4	protein_coding
ENST00000452938.5	protein_coding
ENST00000347364.7	protein_coding
ENST00000480436.5	protein_coding_CDS_not_defined
ENST00000854104.1	protein_coding
ENST00000377452.4	protein_coding
ENST00000202677.12	protein_coding
ENST00000398425.7	protein_coding
ENST00000696793.1	nonsense_mediated_decay
ENST00000700944.2	lncRNA
ENST00000718306.1	protein_coding
ENST00000300403.11	protein_coding
ENST00000202017.6	protein_coding
ENST00000452892.3	protein_coding
ENST00000706471.1	nonsense_mediated_decay
ENST00000359676.9	protein_coding
ENST00000880500.1	protein_coding
ENST00000483118.5	nonsense_mediated_decay
ENST00000884253.1	protein_coding
ENST00000461661.2	nonsense_mediated_decay
ENST00000696980.1	nonsense_mediated_decay
ENST00000374810.8	protein_coding
ENST00000306750.3	protein_coding
ENST00000403542.6	nonsense_mediated_decay
ENST00000444878.5	nonsense_mediated_decay
ENST00000359675.6	protein_coding
ENST00000645033.1	nonsense_mediated_decay
ENST00000882544.1	protein_coding
ENST00000484417.5	nonsense_mediated_decay
ENST00000483871.6	nonsense_mediated_decay
ENST00000396825.4	protein_coding
ENST00000536532.6	nonsense_mediated_decay
ENST00000696006.1	nonsense_mediated_decay
ENST00000479421.5	nonsense_mediated_decay
ENST00000537323.5	nonsense_mediated_decay
ENST00000698218.1	nonsense_mediated_decay
ENST00000419593.5	nonsense_mediated_decay
ENST00000452133.1	nonsense_mediated_decay
ENST00000372518.5	protein_coding
ENST00000372409.8	protein_coding
ENST00000862678.1	protein_coding
ENST00000862677.1	protein_coding
ENST00000372230.10	protein_coding
ENST00000290246.11	protein_coding
ENST00000340954.11	protein_coding
ENST00000623528.3	nonsense_mediated_decay
ENST00000466152.5	nonsense_mediated_decay
ENST00000312783.10	protein_coding
ENST00000492498.5	nonsense_mediated_decay
ENST00000520497.1	nonsense_mediated_decay
ENST00000371132.8	protein_coding
ENST00000467096.5	nonsense_mediated_decay
ENST00000331758.8	protein_coding
ENST00000313733.9	protein_coding
ENST00000370368.5	protein_coding
ENST00000520485.5	nonsense_mediated_decay
ENST00000217185.3	protein_coding
ENST00000618568.4	nonsense_mediated_decay
ENST00000470551.1	nonsense_mediated_decay
ENST00000352957.9	protein_coding
ENST00000400075.4	protein_coding
ENST00000460212.1	nonsense_mediated_decay
ENST00000899528.1	protein_coding
ENST00000286800.8	protein_coding
ENST00000270112.7	protein_coding
ENST00000457807.5	nonsense_mediated_decay
ENST00000300260.7	nonsense_mediated_decay
ENST00000443785.5	nonsense_mediated_decay
ENST00000652654.3	nonsense_mediated_decay
ENST00000545369.2	nonsense_mediated_decay
ENST00000442441.5	nonsense_mediated_decay
ENST00000413017.2	protein_coding
ENST00000332131.9	protein_coding
ENST00000288344.14	nonsense_mediated_decay
ENST00000680539.1	retained_intron
ENST00000482953.5	retained_intron
ENST00000332149.10	protein_coding
ENST00000464750.5	nonsense_mediated_decay
ENST00000397826.8	protein_coding
ENST00000334538.13	nonsense_mediated_decay
ENST00000486023.1	retained_intron
ENST00000457828.6	protein_coding
ENST00000399777.2	nonsense_mediated_decay
ENST00000498133.5	nonsense_mediated_decay
ENST00000355028.4	protein_coding
ENST00000399767.6	protein_coding
ENST00000399744.8	protein_coding
ENST00000331444.12	protein_coding
ENST00000427407.5	nonsense_mediated_decay
ENST00000907534.1	protein_coding
ENST00000434568.5	nonsense_mediated_decay
ENST00000406395.5	protein_coding
ENST00000455843.5	nonsense_mediated_decay
ENST00000428707.2	protein_coding
ENST00000432883.5	protein_coding
ENST00000399807.7	nonsense_mediated_decay
ENST00000351989.8	protein_coding
ENST00000439169.2	protein_coding
ENST00000443409.1	nonsense_mediated_decay
ENST00000292733.11	protein_coding
ENST00000411769.1	nonsense_mediated_decay
ENST00000493460.2	retained_intron
ENST00000292748.7	protein_coding
ENST00000415762.6	nonsense_mediated_decay
ENST00000248958.5	protein_coding
ENST00000339468.8	protein_coding
ENST00000735273.1	lncRNA
ENST00000446942.5	nonsense_mediated_decay
ENST00000875914.1	protein_coding
ENST00000398941.6	protein_coding
ENST00000420442.5	nonsense_mediated_decay
ENST00000413137.6	nonsense_mediated_decay
ENST00000397872.5	protein_coding
ENST00000397873.6	protein_coding
ENST00000338306.8	protein_coding
ENST00000343605.5	protein_coding
ENST00000404885.5	protein_coding
ENST00000540687.6	protein_coding_CDS_not_defined
ENST00000412985.6	nonsense_mediated_decay
ENST00000715268.1	nonsense_mediated_decay
ENST00000420700.5	nonsense_mediated_decay
ENST00000425028.5	nonsense_mediated_decay
ENST00000411850.5	protein_coding
ENST00000422426.5	nonsense_mediated_decay
ENST00000432700.5	nonsense_mediated_decay
ENST00000616056.4	protein_coding
ENST00000425542.5	nonsense_mediated_decay
ENST00000892357.1	protein_coding
ENST00000407117.6	nonsense_mediated_decay
ENST00000492213.5	protein_coding
ENST00000404072.7	protein_coding
ENST00000338483.7	protein_coding
ENST00000436674.5	nonsense_mediated_decay
ENST00000216039.9	protein_coding
ENST00000335760.9	nonsense_mediated_decay
ENST00000433117.6	nonsense_mediated_decay
ENST00000674920.3	protein_coding
ENST00000337304.2	protein_coding
ENST00000333407.11	protein_coding
ENST00000680444.1	nonsense_mediated_decay
ENST00000623287.4	nonsense_mediated_decay
ENST00000263255.10	nonsense_mediated_decay
ENST00000428799.1	nonsense_mediated_decay
ENST00000476893.5	protein_coding_CDS_not_defined
ENST00000904234.1	protein_coding
ENST00000874729.1	protein_coding
ENST00000968684.1	protein_coding
ENST00000403744.7	protein_coding
ENST00000440761.1	nonsense_mediated_decay
ENST00000864335.1	protein_coding
ENST00000431834.5	nonsense_mediated_decay
ENST00000381021.7	nonsense_mediated_decay
ENST00000453630.5	nonsense_mediated_decay
ENST00000457572.5	nonsense_mediated_decay
ENST00000626012.2	nonsense_mediated_decay
ENST00000395738.2	protein_coding
ENST00000474879.7	protein_coding
ENST00000474361.6	nonsense_mediated_decay
ENST00000649602.1	protein_coding
ENST00000380579.6	protein_coding
ENST00000683569.1	protein_coding
ENST00000380492.8	protein_coding
ENST00000380488.9	protein_coding
ENST00000333590.6	protein_coding
ENST00000635598.1	nonsense_mediated_decay
ENST00000870415.1	protein_coding
ENST00000380241.7	protein_coding
ENST00000398080.5	protein_coding
ENST00000871544.1	protein_coding
ENST00000696704.1	nonsense_mediated_decay
ENST00000457145.6	protein_coding
ENST00000378619.4	protein_coding
ENST00000544439.5	protein_coding
ENST00000542639.6	protein_coding
ENST00000890308.1	protein_coding
ENST00000298190.10	protein_coding
ENST00000344302.9	protein_coding
ENST00000901195.1	protein_coding
ENST00000616978.5	protein_coding
ENST00000352078.8	protein_coding
ENST00000595796.5	protein_coding
ENST00000898811.1	protein_coding
ENST00000898816.1	protein_coding
ENST00000481090.6	nonsense_mediated_decay
ENST00000470062.5	nonsense_mediated_decay
ENST00000445167.7	protein_coding
ENST00000376423.8	protein_coding
ENST00000703988.1	protein_coding
ENST00000880897.1	protein_coding
ENST00000872803.1	protein_coding
ENST00000619373.5	protein_coding
ENST00000476032.2	protein_coding
ENST00000374811.8	protein_coding
ENST00000374719.8	protein_coding
ENST00000356413.5	protein_coding
ENST00000373829.8	protein_coding
ENST00000699780.1	nonsense_mediated_decay
ENST00000479991.1	nonsense_mediated_decay
ENST00000480681.1	retained_intron
ENST00000877175.1	protein_coding
ENST00000553110.8	protein_coding
ENST00000493905.6	nonsense_mediated_decay
ENST00000480513.6	nonsense_mediated_decay
ENST00000898854.1	protein_coding
ENST00000907057.1	protein_coding
ENST00000361229.8	protein_coding
ENST00000447531.5	protein_coding
ENST00000442614.5	protein_coding
ENST00000620307.4	protein_coding
ENST00000255499.3	protein_coding
ENST00000674826.1	nonsense_mediated_decay
ENST00000372397.6	protein_coding
ENST00000372246.7	nonsense_mediated_decay
ENST00000672401.1	protein_coding
ENST00000956907.1	protein_coding
ENST00000371979.7	protein_coding
ENST00000345865.6	protein_coding
ENST00000674997.1	nonsense_mediated_decay
ENST00000863473.1	protein_coding
ENST00000466323.5	nonsense_mediated_decay
ENST00000330374.7	protein_coding
ENST00000620088.4	nonsense_mediated_decay
ENST00000621629.4	nonsense_mediated_decay
ENST00000628176.2	protein_coding
ENST00000369808.7	protein_coding
ENST00000601016.6	protein_coding
ENST00000615986.4	nonsense_mediated_decay
ENST00000612012.5	protein_coding
ENST00000369682.4	protein_coding
ENST00000322269.10	protein_coding
ENST00000816963.1	lncRNA
ENST00000488344.6	nonsense_mediated_decay
ENST00000711174.2	protein_coding
ENST00000972741.1	nonsense_mediated_decay
ENST00000972767.1	nonsense_mediated_decay
