relative_position	nmd_signed	ctrl_signed	nmd_n	ctrl_n
-250	9.603722308858629e-05	0.00010261755571393962	2268	7863
-249	-5.402774959807046e-05	3.557600828691353e-05	2268	7863
-248	0.00011248634688336821	5.681051665592608e-05	2268	7863
-247	1.9140129776204804e-05	0.0003782778978073618	2268	7863
-246	0.00015880096538872261	7.001089691845821e-05	2268	7863
-245	0.00025544228808801713	0.00016100850114430853	2268	7863
-244	-0.00018072569390229477	0.00016810094756549964	2268	7863
-243	0.0002148745111364271	2.0274219366439326e-05	2268	7863
-242	0.00017402282226692035	-1.8216480280731248e-05	2268	7863
-241	5.352153378528696e-05	0.00014153249678333383	2268	7863
-240	0.00017492789039172743	2.272116224259049e-05	2268	7863
-239	0.0003099052000362396	0.0001070326700639486	2268	7863
-238	-7.76846508890334e-05	-2.6808838826846608e-05	2268	7863
-237	0.0002971807141626994	5.6442853166128436e-05	2268	7863
-236	0.00020027725886899916	5.198185204147337e-05	2268	7863
-235	-0.00030234767468059417	2.127213964519567e-05	2268	7863
-234	0.00016968464252073106	-1.992120960776702e-05	2268	7863
-233	0.0002667901801684708	5.481945144861556e-06	2268	7863
-232	-0.00013948935336560085	1.1624977549939965e-05	2268	7863
-231	0.00024594960431300694	-6.516040219657518e-05	2268	7863
-230	0.00029477046254072157	-0.00010707102084833802	2268	7863
-229	-0.00012246692021207874	-7.51637329175757e-05	2268	7863
-228	0.00016955432747942014	-1.6430164867525658e-05	2268	7863
-227	4.1882127501283596e-05	-1.5476897863251788e-05	2268	7863
-226	-0.000320920290605797	-2.2546529420263844e-05	2268	7863
-225	-8.853209526406943e-05	1.6026451073217646e-05	2268	7863
-224	8.428716559181945e-05	-1.498508466909885e-05	2268	7863
-223	-0.00016161689856658356	-3.539022556004979e-05	2268	7863
-222	8.748608480749335e-05	-5.730404186535883e-06	2268	7863
-221	6.087276192761225e-05	-9.854934458981832e-05	2268	7863
-220	-0.0001748107226278799	-7.905160723968487e-05	2268	7863
-219	3.2379775116815957e-05	-2.7588873536375878e-05	2268	7863
-218	7.018811003133783e-05	-5.976433963329069e-05	2268	7863
-217	-0.0001490446337502718	-7.086170852735916e-05	2268	7863
-216	8.95962083639117e-05	-2.6881620465580718e-05	2268	7863
-215	1.7105962191105434e-05	-3.497755246137743e-05	2268	7863
-214	-0.00014532616022009913	-5.9528901389251465e-05	2268	7863
-213	0.00016630297175960966	-4.338754096388062e-05	2268	7863
-212	3.190583474478827e-05	-4.183869606159654e-05	2268	7863
-211	-0.00018141018316974281	-4.061826862155722e-05	2268	7863
-210	-2.007519881388785e-05	-6.114806925052208e-05	2268	7863
-209	3.7905183413502766e-05	-5.665830211720708e-05	2268	7863
-208	-0.00016876987312233348	-6.592038129623927e-05	2268	7863
-207	-1.6881749792835625e-06	-2.4028678355411266e-05	2268	7863
-206	6.573885445445989e-05	-4.6538683272774325e-05	2268	7863
-205	-0.00012530080179749142	-5.373327193509831e-05	2268	7863
-204	8.092560574177143e-05	-3.306362464959701e-05	2268	7863
-203	9.063889765892044e-05	-3.1216009130953806e-05	2268	7863
-202	-0.00020314290469811147	-4.152090605691537e-05	2268	7863
-201	0.00010498822499327109	-2.8369155705956286e-05	2268	7863
-200	7.106503363507943e-05	-5.37617405412092e-05	2268	7863
-199	-0.00016322669325251102	-5.265387742758205e-05	2268	7863
-198	4.055713481706637e-05	-2.213050332578992e-05	2268	7863
-197	1.7134052589315832e-05	-3.155044430513206e-05	2268	7863
-196	-0.00020831193833778077	-5.614089777243976e-05	2268	7863
-195	6.812529554490691e-05	-1.9725596830809836e-05	2268	7863
-194	7.584379628234433e-05	-3.475944620189069e-05	2268	7863
-193	-0.0001659687600826625	-4.6543297216934344e-05	2268	7863
-192	5.645065756677976e-05	-3.1449089387863644e-05	2268	7863
-191	9.26968151859123e-05	-4.12636410321108e-05	2268	7863
-190	-0.0002030071344360266	-4.969583686318817e-05	2268	7863
-189	3.236034009414646e-05	-3.373052643171479e-05	2268	7863
-188	4.5569424856585666e-05	-5.5272459478278744e-05	2268	7863
-187	-0.00010869264174911602	-3.976147199867623e-05	2268	7863
-186	2.5617063230438676e-05	-3.174450940435474e-05	2268	7863
-185	8.159654049998736e-05	-5.45446902494853e-05	2268	7863
-184	-0.00019887833357603148	-4.78894293663726e-05	2268	7863
-183	5.1136907073087065e-05	-2.5228489551281162e-05	2268	7863
-182	4.776922166621884e-06	-4.381629181098236e-05	2268	7863
-181	-0.00018894989004329587	-4.1784767424797076e-05	2268	7863
-180	7.522322123709992e-05	-2.924731724592025e-05	2268	7863
-179	5.098153897034144e-05	-2.881053332933012e-05	2268	7863
-178	-0.00021365697080881976	-4.898006942090131e-05	2268	7863
-177	9.614258402876788e-05	-1.5251816458425413e-05	2268	7863
-176	1.0723265880486905e-05	-4.86122804798336e-05	2268	7863
-175	-0.0002529568289737774	-6.927543214505824e-05	2268	7863
-174	7.629401735626645e-05	3.0162279508776e-06	2268	7863
-173	6.25010929490127e-05	-4.105464033693054e-05	2268	7863
-172	-0.00013802579525629108	-5.7240234010417734e-05	2268	7863
-171	-2.1289786757716724e-05	-3.0287408118379142e-05	2268	7863
-170	1.1438689138878125e-05	-4.898993906111836e-05	2268	7863
-169	-0.0001300460967485494	-4.221311978868262e-05	2268	7863
-168	7.866565818520701e-05	-3.0106687064865602e-05	2268	7863
-167	6.169660310945206e-05	-3.392063405347319e-05	2268	7863
-166	-8.277373178918361e-05	-3.83184922789412e-05	2268	7863
-165	9.530618228144139e-05	-4.0366812706223844e-05	2268	7863
-164	4.804481912664001e-05	-4.622672585634356e-05	2268	7863
-163	-0.00015187638322508207	-3.4896129522373166e-05	2268	7863
-162	9.331112951183062e-06	-3.327591600425692e-05	2268	7863
-161	6.407738173051306e-05	-4.7421828041017446e-05	2268	7863
-160	-0.00020995518648121882	-5.851258636328298e-05	2268	7863
-159	0.00012899026617304524	-1.1266097424407294e-05	2268	7863
-158	8.75261029714217e-05	-2.944694782214025e-05	2268	7863
-157	-0.00018013650603656596	-4.7206731058209976e-05	2268	7863
-156	0.00014853723972751731	-5.2280859664854955e-05	2268	7863
-155	8.615706079043067e-05	-2.3245977428238894e-05	2268	7863
-154	-0.0001497795640226531	-4.883406362802482e-05	2268	7863
-153	0.0001600474611835905	-3.2967963400081897e-05	2268	7863
-152	2.6909966498562043e-05	-3.9115213790256346e-05	2268	7863
-151	-0.00023589157862178304	-3.90542223462908e-05	2268	7863
-150	9.790978973410014e-05	-2.2098357723808394e-05	2268	7863
-149	3.013249189193541e-05	-5.7162449527107066e-05	2268	7863
-148	-0.0002136409859519985	-4.598772841906518e-05	2268	7863
-147	0.00013254460417547352	-3.58231223492951e-05	2268	7863
-146	8.974329411293539e-05	-4.268293922740044e-05	2268	7863
-145	-0.00019635491845639258	-4.6416664145668546e-05	2268	7863
-144	0.00011871058200115039	-5.0475395593892415e-05	2268	7863
-143	2.7605170191733303e-05	-2.8955596818355644e-05	2268	7863
-142	-0.0002441121330750164	-4.2757268093159506e-05	2268	7863
-141	9.322028683444022e-05	-4.0411867426037225e-05	2268	7863
-140	9.883194997653353e-05	-3.526094544331024e-05	2268	7863
-139	-0.00019593589067238497	-2.3693950945112702e-05	2268	7863
-138	-5.761435128074663e-06	-2.8329745448226065e-05	2268	7863
-137	6.130416683481672e-05	-5.3398325611724066e-05	2268	7863
-136	-0.0002047623314836611	-4.001751289461161e-05	2268	7863
-135	6.592685646562927e-05	-2.4483140883456234e-05	2268	7863
-134	2.8516900648877906e-06	-1.9854821083529486e-05	2268	7863
-133	-0.00017991912761353775	-4.2012025377038805e-05	2268	7863
-132	0.00010338341897926518	-4.635926341685035e-05	2268	7863
-131	5.775891838324776e-05	-3.577769412544918e-05	2268	7863
-130	-0.0003018834589054464	-2.8627565105247467e-05	2268	7863
-129	8.030125833345537e-05	-5.161239116124733e-05	2268	7863
-128	8.264544543317372e-05	-4.360938105455012e-05	2268	7863
-127	-0.00025091283231558977	-1.4301836400610049e-05	2268	7863
-126	5.295636406530325e-05	-3.5363919387058516e-05	2268	7863
-125	7.001067619856573e-05	-3.617054890364871e-05	2268	7863
-124	-0.0002251918964461468	-3.483823859831415e-05	2268	7863
-123	5.048222483581312e-05	-1.3499263533632476e-05	2268	7863
-122	4.5632032287425154e-05	-2.6369866836389236e-05	2268	7863
-121	-0.00014105423318734332	-6.61745510238458e-05	2268	7863
-120	9.686488882585418e-05	-3.7539571145723924e-05	2268	7863
-119	5.573472410572639e-05	-2.7274539459623067e-05	2268	7863
-118	-0.000213999425231016	-3.527220985255488e-05	2268	7863
-117	0.00014692747038136058	-4.6526113314549755e-05	2268	7863
-116	0.00010922295771892399	-3.5542605447519085e-05	2268	7863
-115	-0.00018631322344051546	-3.5467723489837245e-05	2268	7863
-114	0.00012190638613925403	-1.2036294810016802e-05	2268	7863
-113	4.864882554097341e-05	-5.137182339926628e-05	2268	7863
-112	-0.0001690465321739262	-6.673122873732634e-05	2268	7863
-111	0.00017478930469083204	-1.983083903157912e-05	2268	7863
-110	0.00015887702203747805	-1.0197338154124028e-05	2268	7863
-109	-7.538654533728152e-05	-3.305577812580574e-05	2268	7863
-108	0.00015517726265933574	-5.073400824003514e-05	2268	7863
-107	4.8419939369581e-05	-2.0566173955891158e-05	2268	7863
-106	-0.00011351009622973611	-2.2359403442289735e-05	2268	7863
-105	0.00026469733738634547	-2.675523696731901e-05	2268	7863
-104	7.346267252497158e-05	-3.069977640585075e-05	2268	7863
-103	-0.00016917853319656494	-8.710809247036247e-06	2268	7863
-102	0.00021788885291755742	-2.0244696657334618e-05	2268	7863
-101	7.316934865615984e-05	-4.929697753148116e-05	2268	7863
-100	-0.00017974844437993294	-4.011391993175325e-05	2268	7863
-99	0.00021971238017363059	-3.2236450794700127e-05	2268	7863
-98	0.0001537418647470538	-3.301480358910844e-05	2268	7863
-97	-7.343700066048787e-05	-1.7893253982552678e-06	2268	7863
-96	0.00019441094071436744	-6.121465053259981e-05	2268	7863
-95	8.487435266703967e-05	-1.2215313750082429e-05	2268	7863
-94	-0.0001477110223891496	-1.2503010190013762e-05	2268	7863
-93	0.00021272964314447202	-5.0303419552825495e-05	2268	7863
-92	0.00017447422461104825	-4.2959744130841954e-05	2268	7863
-91	-0.00016841403039292549	-1.3586778123085842e-05	2268	7863
-90	0.0002200312824449243	-2.2121172582891433e-05	2268	7863
-89	0.00011386850695654009	-3.284307204069626e-05	2268	7863
-88	-0.00015517530764815762	-3.789314646427982e-05	2268	7863
-87	0.00018530086568807695	-3.158329996089087e-05	2268	7863
-86	6.655850792669449e-05	-3.824880132786686e-05	2268	7863
-85	-0.00010908397741668092	-3.104567148432182e-05	2268	7863
-84	0.00023584954752375092	-2.7600053374715265e-05	2268	7863
-83	0.00017690617963130492	7.034187001764686e-06	2268	7863
-82	-0.0001660474095519464	7.792615739850274e-06	2268	7863
-81	0.00020668519476783664	-3.666111523086349e-05	2268	7863
-80	0.00011475592340061992	-3.496347968790129e-05	2268	7863
-79	-0.00011250863017522753	3.739521699176602e-06	2268	7863
-78	0.00018318219919263834	-1.9640634235882097e-05	2268	7863
-77	0.0001653224248280596	-4.0462838882275304e-05	2268	7863
-76	-0.0001246783179083109	-4.177846031589992e-05	2268	7863
-75	0.0001584960147162457	-1.1578887011768714e-05	2268	7863
-74	0.0001354872091113858	-1.549570439161973e-05	2268	7863
-73	-5.354808761984515e-05	-2.1280767342622785e-05	2268	7863
-72	0.00020413704721215748	-5.594194273231984e-05	2268	7863
-71	6.470212490605271e-05	-2.6805990256894793e-05	2268	7863
-70	-0.00011809050513312932	-3.48273829029655e-05	2268	7863
-69	0.00016024105706815878	-6.599017063936944e-05	2268	7863
-68	6.564687595208165e-05	-4.1409860365046394e-05	2268	7863
-67	-7.253323139487442e-05	3.824742330648745e-05	2268	7863
-66	0.0001613572975642611	-3.762751368506724e-05	2268	7863
-65	0.00012687502616699206	-5.065245830367253e-05	2268	7863
-64	-7.418306002835504e-05	4.593606951186698e-06	2268	7863
-63	0.00015780985905018862	-6.737384911823256e-06	2268	7863
-62	0.00011785377600775213	-4.226387125766122e-06	2268	7863
-61	-2.4883901212909273e-05	1.3609004116097433e-05	2268	7863
-60	0.00017246363000748873	-4.920044377662997e-05	2268	7863
-59	0.00011676207722333819	-3.640827486724887e-06	2268	7863
-58	-3.507671269149472e-05	9.35144343590836e-06	2268	7863
-57	0.00023892598095774097	-4.853016070808881e-05	2268	7863
-56	0.0001370599320954553	-2.3196035266731172e-05	2268	7863
-55	-6.86644409079319e-05	-8.182289936985986e-06	2268	7863
-54	0.0002539594981657176	-3.142641855663406e-05	2268	7863
-53	0.00017369814760269118	-1.9101391184329472e-05	2268	7863
-52	-9.000841322888116e-05	-1.845274039300207e-05	2268	7863
-51	0.0001807454654356859	-3.257192883139279e-05	2268	7863
-50	0.00011260162451008713	-4.8171714698415e-05	2268	7863
-49	-1.0133780246092519e-05	-2.7982680317915003e-05	2268	7863
-48	0.0002027890218515917	-6.0619736276830984e-05	2268	7863
-47	5.925213152254175e-05	-1.808094280791381e-05	2268	7863
-46	-1.5365841440408567e-05	2.3477385520599482e-05	2268	7863
-45	0.00030748762615329757	-2.9258589090757857e-05	2268	7863
-44	0.00015080062325444258	-3.0492221573532182e-05	2268	7863
-43	-0.00013142528986678298	-1.5791309800356753e-05	2268	7863
-42	0.0002125460757093117	-2.0800021700011048e-05	2268	7863
-41	0.00017995540581044464	-1.207988788599219e-05	2268	7863
-40	-7.087300809983292e-05	1.096877542315755e-05	2268	7863
-39	0.00020199402047240764	-1.726316545233392e-05	2268	7863
-38	0.00013476617551205886	-7.3507127047258294e-06	2268	7863
-37	2.8400292899197195e-05	2.0743718716578725e-05	2268	7863
-36	0.00023283463178984287	-2.726606975418746e-05	2268	7863
-35	0.00010613148401945585	1.0181354225966235e-05	2268	7863
-34	-0.00010474282017141919	8.016781613584281e-06	2268	7863
-33	0.00030208834652846337	-1.1479250582544626e-05	2268	7863
-32	0.0001287159637822263	-2.083832898986697e-05	2268	7863
-31	-6.642680892965424e-05	1.9192686504933882e-05	2268	7863
-30	0.0003000918843689844	9.316124753156584e-07	2268	7863
-29	0.00014886185263012956	-1.9457291432701566e-05	2268	7863
-28	-5.686058688790927e-06	-7.570187884848852e-06	2268	7863
-27	0.0002363473448045089	-1.3830399334116655e-05	2268	7863
-26	0.00013277526220038105	-1.435301907565849e-05	2268	7863
-25	1.2484421749597363e-05	1.5123165259818895e-05	2268	7863
-24	0.00022442613472771825	-3.410874934850733e-05	2268	7863
-23	4.954311959406591e-05	9.875520522272916e-06	2268	7863
-22	-1.3210986564652684e-05	2.3503459539928763e-05	2268	7863
-21	0.00026843130823201865	-1.979860361761641e-05	2268	7863
-20	0.00016370309301551707	-5.767441062088016e-06	2268	7863
-19	-7.625412177095736e-05	7.121642607739243e-07	2268	7863
-18	0.0001882411173488335	-1.7562529984385407e-05	2268	7863
-17	0.00014292447775486464	-1.0908227682797313e-05	2268	7863
-16	1.0918540908191425e-05	-6.765737275886638e-06	2268	7863
-15	0.00016130660177729922	-3.520723480489471e-05	2268	7863
-14	4.681086002847325e-05	-1.7619706301999582e-05	2268	7863
-13	-1.9392218963873343e-05	4.374619015986585e-06	2268	7863
-12	0.0001672103808899202	-3.314573502757391e-05	2268	7863
-11	2.8327035594589835e-05	-1.217987982318042e-05	2268	7863
-10	-8.77440320026264e-06	9.57830933754117e-06	2268	7863
-9	0.0002496160572654195	-1.825310688559789e-05	2268	7863
-8	0.00012539817302121474	-6.126783211317848e-06	2268	7863
-7	-3.0968864302222524e-05	5.507470952470797e-06	2268	7863
-6	0.00012879274611644277	-2.179308417972352e-05	2268	7863
-5	8.518880533325197e-05	-2.9557247310679727e-06	2268	7863
-4	5.181381772898833e-05	-1.7795348297569248e-05	2268	7863
-3	0.00023819175406578828	-3.728311020334201e-05	2268	7863
-2	0.00016610441336470836	-1.877491195759272e-05	2268	7863
-1	3.0076612791846578e-05	-3.195191691008363e-06	2268	7863
0	0.00019786346726389945	-3.949074535905782e-05	2268	7863
1	-2.2508037755157736e-05	-3.591250212439944e-06	2268	7863
2	-1.0582954007062594e-05	2.5288362812482116e-06	2268	7863
3	0.0002188027548150291	-3.633831936353001e-05	2268	7863
4	0.00011726920382163629	-1.0972324917912446e-05	2268	7863
5	-3.153109917656339e-05	1.0809726661345651e-05	2268	7863
6	0.0002276541630043563	-1.2674669301483325e-05	2268	7863
7	0.00014118036475803787	-1.622795415711086e-05	2268	7863
8	-4.643376153046771e-07	-3.3963167912986245e-06	2268	7863
9	0.00015653043115956884	-2.1057183814807398e-05	2268	7863
10	0.00011334560566402268	6.190836062756526e-06	2268	7863
11	7.313342929238484e-05	-5.663317251148855e-06	2268	7863
12	0.00021637486819857347	-4.372980113089779e-05	2268	7863
13	6.64237390780559e-05	-9.235154570002152e-06	2268	7863
14	2.3813787641825182e-05	5.990448472743696e-06	2268	7863
15	0.00019999142445018212	-3.434107466655821e-05	2268	7863
16	0.0001362336383023621	-7.5171932876515095e-06	2268	7863
17	-5.485825907716015e-06	1.1762628775670226e-05	2268	7863
18	0.0001959217010542126	-1.3307999102249332e-05	2268	7863
19	8.602477905810172e-05	-1.526463693599157e-05	2268	7863
20	1.02017698350541e-05	2.100978816250966e-05	2268	7863
21	0.0001676850681611668	-3.591201599126175e-05	2268	7863
22	9.586025269480916e-05	-9.039823550200438e-06	2268	7863
23	4.604518625293298e-05	5.925029534227861e-06	2268	7863
24	0.00020395647424592049	-2.6438469947853673e-05	2268	7863
25	6.844223840971557e-05	-7.1925015042668185e-06	2268	7863
26	-1.930086995221115e-05	1.4977121960714267e-05	2268	7863
27	0.00018442268969627218	-3.8473115020548854e-05	2268	7863
28	0.00010814647012246956	-1.6696109889582715e-05	2268	7863
29	-3.55000780229272e-06	1.9097266262537003e-05	2268	7863
30	0.0001572306511067688	-5.420483831460291e-05	2268	7863
31	0.0001332688355475055	-1.1838010952540115e-05	2268	7863
32	-7.69281010023887e-06	-3.2665664857875573e-06	2268	7863
33	0.0001641039283292673	-3.0070558118403962e-05	2268	7863
34	8.018013082591889e-05	-1.3086676542560485e-05	2268	7863
35	6.190573931171493e-07	5.531767935006319e-06	2268	7863
36	0.00016967510584929481	-9.265022968119047e-06	2268	7863
37	7.096572247585591e-05	1.5395272091975233e-05	2268	7863
38	6.519753661337938e-06	1.9585396359703613e-05	2268	7863
39	0.00019697874167330887	-2.7540487866647475e-05	2268	7863
40	0.00010777730511069088	-6.784540442843577e-06	2268	7863
41	1.6114160900869129e-06	1.4720286259713922e-05	2268	7863
42	0.00012559741202496904	-3.0067661147110717e-05	2268	7863
43	0.00011211126561551088	-3.6054226078604315e-06	2268	7863
44	5.795498092900299e-05	1.89884028099449e-05	2268	7863
45	0.0001196518252343313	-3.32979248977579e-05	2268	7863
46	9.033766872647811e-05	2.84440569296731e-06	2268	7863
47	3.847568997443299e-05	2.1505585945852766e-05	2268	7863
48	0.0001045705675931777	-2.2175500820316662e-05	2268	7863
49	4.026536391647663e-05	1.34061777653508e-08	2268	7863
50	1.2850310120970498e-05	1.0700760090471264e-06	2268	7863
51	0.00012905088207348822	-3.262399155617124e-05	2268	7863
52	0.00010711365236921566	2.583031875651409e-06	2268	7863
53	-1.409161741161905e-05	4.355879047253871e-06	2268	7863
54	0.00012046590220124499	-2.055883352812367e-05	2268	7863
55	9.795065283787811e-05	-4.301792770109365e-06	2268	7863
56	-2.001823302140923e-06	-3.3450425589445978e-06	2268	7863
57	0.00016040570780013975	-3.812009042437761e-06	2268	7863
58	-1.460290455872543e-05	-3.113251573322365e-05	2268	7863
59	3.795535081796008e-05	4.610525882435125e-06	2268	7863
60	0.0001695540123512927	1.0274295130936184e-06	2268	7863
61	5.276348126750432e-05	1.1210565264462982e-05	2268	7863
62	-2.80696761306236e-06	2.7993391778514428e-06	2268	7863
63	0.00013831616858110611	-2.616128861826001e-05	2268	7863
64	8.231412544151611e-05	-1.3575687011655096e-06	2268	7863
65	-2.6431323411058278e-05	3.98980016538071e-06	2268	7863
66	8.244321737720003e-05	-3.630484955226948e-05	2268	7863
67	2.8876338996749152e-05	-1.1620860082425738e-05	2268	7863
68	-4.926960156269168e-05	-2.4019730226767207e-06	2268	7863
69	0.00010463328994894189	-4.445707466292809e-05	2268	7863
70	3.5905480971397945e-05	-8.179609043828653e-06	2268	7863
71	1.3906890539391733e-06	-2.2711890642952754e-06	2268	7863
72	7.561653714065563e-05	-2.9174519230600233e-05	2268	7863
73	3.8968016115177115e-05	-4.600297115511916e-06	2268	7863
74	-1.8791117636418554e-05	-8.123901122345345e-06	2268	7863
75	0.00010477619071726029	-3.9839940403570834e-05	2268	7863
76	5.644865776930446e-05	-7.734738682521307e-06	2268	7863
77	-2.4519182979251234e-05	-8.691969315600935e-06	2268	7863
78	0.00012825146951321633	-2.6396358224352785e-05	2268	7863
79	5.596861217017123e-05	-1.7015213288971824e-05	2268	7863
80	-3.971457993487802e-06	-5.757454438729263e-06	2268	7863
81	0.00013696088000162638	-1.3173606450865609e-05	2268	7863
82	8.811237492032524e-05	-3.2762789626029642e-06	2268	7863
83	3.773645727743556e-05	2.581102319229362e-06	2268	7863
84	7.969058851953212e-05	-9.315217317651089e-06	2268	7863
85	6.194470330616758e-05	7.856385428124737e-06	2268	7863
86	2.3038317281901675e-05	-2.5850222512733225e-06	2268	7863
87	8.7526421241837e-05	-4.6833360079926e-06	2268	7863
88	5.3897750167515044e-05	1.6464780960485266e-05	2268	7863
89	-3.816481379416843e-05	5.2874380479837e-06	2268	7863
90	0.00015433214586733243	2.0708653288260618e-05	2268	7863
91	6.934505852457948e-05	1.6497280812748442e-05	2268	7863
92	1.8547099499979945e-05	1.486345887598708e-06	2268	7863
93	0.00013802603608436737	1.4356634051770419e-05	2268	7863
94	6.972892124357579e-05	1.6633962244673754e-05	2268	7863
95	6.807814561801439e-05	5.9443293106060095e-06	2268	7863
96	8.117325329245474e-05	1.3985449030721767e-06	2268	7863
97	6.31283278327762e-05	1.924482637003929e-05	2268	7863
98	4.9291204774167965e-05	9.703034044870957e-06	2268	7863
99	0.00010142810430556656	2.1266570486521344e-05	2268	7863
100	6.381570373782919e-05	3.976412423070785e-06	2268	7863
101	1.6613953957745587e-05	1.662109213076156e-05	2268	7863
102	0.00012106367308926988	-3.309492062883552e-07	2268	7863
103	6.602926460559954e-05	2.3361301976983514e-05	2268	7863
104	1.990868483081441e-05	3.2100596664157766e-05	2268	7863
105	0.00010355332708318068	2.4069604142182115e-05	2268	7863
106	4.279141976367738e-05	1.1888046633709978e-05	2268	7863
107	3.562196139111322e-06	4.146431495412994e-06	2268	7863
108	0.00011547718855366553	3.1743801435531455e-05	2268	7863
109	2.4716648123013915e-05	1.4188940361725e-05	2268	7863
110	3.536657787537349e-05	-5.499520942516751e-06	2268	7863
111	8.730298508345677e-05	8.84648901160187e-06	2268	7863
112	6.741965146257109e-05	3.1257476194571645e-05	2268	7863
113	5.782682486452655e-05	2.0179041894097452e-05	2268	7863
114	0.0001044794925751003	-1.6330502828488568e-05	2268	7863
115	4.8524266367930607e-05	-1.2833922052473127e-06	2268	7863
116	2.236188569313555e-05	5.765300470849788e-06	2268	7863
117	8.943190578911227e-05	-4.578148752217462e-06	2268	7863
118	2.774515629798785e-05	-1.4104748718563447e-07	2268	7863
119	7.051819894931807e-05	1.630592587974362e-05	2268	7863
120	0.0001007772995087628	1.772561374163718e-05	2268	7863
121	1.4683835568248301e-05	6.9696486168378125e-06	2268	7863
122	5.2538571051773763e-05	1.6264283216432924e-06	2268	7863
123	7.130842335799317e-05	-2.363011356288721e-05	2268	7863
124	4.273175267708643e-05	1.293489510774615e-05	2268	7863
125	2.7701306920908336e-06	1.5921415934801235e-05	2268	7863
126	7.096340550207576e-05	-3.109470954265411e-05	2268	7863
127	6.933496438567338e-05	1.0158530984815685e-05	2268	7863
128	7.812927010225353e-06	-2.2175712503188967e-05	2268	7863
129	5.6951062955653485e-05	-1.2425748379222625e-05	2268	7863
130	2.595612796241914e-05	1.0669645732808164e-05	2268	7863
131	7.608018437142208e-05	2.623052685612432e-05	2268	7863
132	3.628433904190125e-05	-1.0201758580778687e-05	2268	7863
133	-8.442007958829528e-06	-2.1133312135283357e-06	2268	7863
134	6.592779249878351e-05	9.825020967923043e-06	2268	7863
135	7.288502378924857e-05	-1.2341694402796475e-05	2268	7863
136	2.1956797637725036e-05	1.1733390002755758e-05	2268	7863
137	3.789266722408378e-05	1.4493833217877037e-05	2268	7863
138	8.273585563593434e-05	-8.159338799840217e-06	2268	7863
139	2.4522565504704055e-05	4.277023894521905e-06	2268	7863
140	3.574217806001125e-05	2.924336954157872e-05	2268	7863
141	1.8418527457967855e-05	-9.441362330030655e-06	2268	7863
142	2.935459648346761e-05	1.2151825419336753e-05	2268	7863
143	2.952590817851511e-05	7.210811436497736e-06	2268	7863
144	3.1905998266337994e-05	-4.1993604520023106e-07	2268	7863
145	1.1598242754169286e-05	4.2812059787121456e-06	2268	7863
146	4.157909547973444e-05	1.98807283207503e-06	2268	7863
147	5.419233087380091e-05	-5.085706616930479e-06	2268	7863
148	2.7551505863700244e-05	2.4419293766553533e-06	2268	7863
149	1.1638682515543046e-05	-1.4037406834030792e-05	2268	7863
150	3.412599348641502e-05	-1.376679800461359e-05	2268	7863
151	4.028327528517606e-05	7.3943070845682875e-06	2268	7863
152	1.2432750191086525e-05	2.165266172737013e-06	2268	7863
153	8.004293157769029e-05	1.6847850903030754e-05	2268	7863
154	3.124806863567865e-05	2.5961403100953407e-06	2268	7863
155	2.376493453904172e-05	1.0579695376036243e-05	2268	7863
156	8.110223027121708e-05	2.0587563181750104e-05	2268	7863
157	-2.3650803826257064e-06	1.237461610089989e-05	2268	7863
158	1.6459478661917753e-05	6.124200227564188e-06	2268	7863
159	9.397816636485153e-05	8.988098876496034e-06	2268	7863
160	2.559254625651177e-05	1.532485938244546e-05	2268	7863
161	-6.096885097780154e-06	1.7529351374680345e-06	2268	7863
162	6.908150845789487e-05	-6.045313783322833e-06	2268	7863
163	1.341788869094821e-05	-4.1714804793111286e-06	2268	7863
164	-1.1070901987774892e-05	-1.106850803320048e-05	2268	7863
165	7.197140026488831e-05	1.3137849992942616e-05	2268	7863
166	5.1428974847705824e-05	1.7102203319244057e-05	2268	7863
167	7.969706583045077e-06	-3.614378293597983e-06	2268	7863
168	6.489421877575574e-05	-2.292548746208928e-06	2268	7863
169	3.875431345190164e-05	4.363538869305911e-06	2268	7863
170	1.689722717099191e-05	-2.5242659369501558e-05	2268	7863
171	3.09093376607938e-05	-2.3139417129289155e-05	2268	7863
172	1.1375291921939433e-05	-5.781278423482349e-06	2268	7863
173	1.1538726571336255e-05	4.679797058277371e-06	2268	7863
174	8.326701426029526e-05	-9.04711209727258e-06	2268	7863
175	-1.0712644842858024e-06	-1.4413738011225293e-06	2268	7863
176	4.067927271012751e-05	2.363473252885621e-05	2268	7863
177	4.904502866309041e-05	-3.045803110979854e-05	2268	7863
178	5.949286925691879e-05	1.3507592492240401e-05	2268	7863
179	2.334229428191511e-06	-1.5319862153900372e-05	2268	7863
180	5.7445218741994566e-05	-6.346067378513099e-06	2268	7863
181	2.4769029817612117e-05	1.1279987044212321e-05	2268	7863
182	2.5265711598681804e-05	-1.1773839009988602e-06	2268	7863
183	3.0694355930728224e-05	-2.1942702090115687e-05	2268	7863
184	1.657567164734063e-05	-1.3132669978457111e-05	2268	7863
185	1.7548420875434193e-05	5.952447722700102e-06	2268	7863
186	5.9863121950995776e-05	1.9110693481048328e-07	2268	7863
187	3.30749785223887e-05	1.2537522296393157e-06	2268	7863
188	1.0940625562574464e-05	1.1293871429569904e-05	2268	7863
189	5.899627838993144e-05	5.748565940633492e-06	2268	7863
190	2.4740058386145115e-05	4.696892920172578e-06	2268	7863
191	2.2098687451370712e-05	1.15654744765003e-05	2268	7863
192	5.030765212124429e-05	2.2673323474308494e-05	2268	7863
193	1.530438754632595e-05	1.8388511561568037e-05	2268	7863
194	2.667438203388385e-05	1.592493619310578e-05	2268	7863
195	2.671319739443838e-05	-3.043257758519738e-06	2268	7863
196	4.3009531314257064e-05	1.2784627764794617e-05	2268	7863
197	-1.6721510122989245e-05	5.254116774985765e-06	2268	7863
198	3.694064052956793e-05	1.576531505882937e-05	2268	7863
199	6.8649099114412595e-06	2.0992784023249482e-05	2268	7863
200	2.47491415104462e-06	1.5608523795132244e-05	2268	7863
201	4.0095078442723266e-05	-4.123497129274456e-06	2268	7863
202	4.1754998258448763e-05	2.0312232056964222e-05	2268	7863
203	3.204171864483408e-05	2.7687259402080868e-05	2268	7863
204	2.483799878955262e-05	1.335443154519606e-05	2268	7863
205	1.0879329598776607e-05	4.4425070759164886e-06	2268	7863
206	-6.984837808766822e-06	1.5532620769496658e-05	2268	7863
207	7.092463617177405e-05	3.08218088563656e-05	2268	7863
208	1.961983423358751e-05	2.0334796538956567e-05	2268	7863
209	5.766374207510817e-06	6.530189612851553e-06	2268	7863
210	5.308759318926247e-05	-4.58381229371398e-06	2268	7863
211	4.4484715083925324e-05	1.2154835558571791e-05	2268	7863
212	2.0913691766666327e-05	1.21435887752749e-05	2268	7863
213	4.247529067492147e-05	-5.796590059270282e-06	2268	7863
214	8.716131822999218e-06	-1.2148341055572684e-06	2268	7863
215	-1.1607397573580795e-05	6.070909668106581e-06	2268	7863
216	1.951509402811086e-05	-1.5656630496643654e-05	2268	7863
217	9.118364603258983e-06	4.094489418425191e-06	2268	7863
218	-5.250451933988705e-06	-1.4307160636222017e-05	2268	7863
219	9.112235501884729e-06	-2.6341225979850244e-05	2268	7863
220	-2.3677363501775308e-08	1.3216901848007972e-05	2268	7863
221	3.216263784697592e-05	2.3519163325603577e-05	2268	7863
222	2.7627099268015173e-05	-3.821304205079575e-06	2268	7863
223	4.045568425835556e-05	3.1359916792159867e-06	2268	7863
224	1.8749657508022223e-05	3.4348813864006615e-07	2268	7863
225	0.00011513451758331442	5.069255701043561e-06	2268	7863
226	4.575383268964082e-05	4.401170133917618e-06	2268	7863
227	3.873230677405204e-05	1.644034494930819e-05	2268	7863
228	6.663832983083482e-06	-1.1262491088701293e-05	2268	7863
229	5.205846187604158e-05	3.2890808919294455e-05	2268	7863
230	6.88555387068629e-05	2.451090640208799e-05	2268	7863
231	5.4359311545595805e-05	-2.5346538340898475e-05	2268	7863
232	6.147709465254366e-05	-1.813476324669257e-05	2268	7863
233	2.155326527948456e-06	-8.49612487441108e-08	2268	7863
234	0.00010331789090016819	-6.550464120546116e-07	2268	7863
235	-2.246056629534633e-05	-6.2886685021945015e-06	2268	7863
236	4.369740861864048e-06	-2.9887953095344408e-05	2268	7863
237	2.374844828273313e-05	6.045830740886469e-06	2268	7863
238	-1.6197931063422755e-05	2.3266508097866705e-05	2268	7863
239	4.234772119487384e-05	1.1108498200735321e-05	2268	7863
240	-8.858751320513337e-06	1.9246169317786324e-06	2268	7863
241	1.1162423494109002e-05	2.8167013556304764e-05	2268	7863
242	2.009971026893005e-05	-2.2355196596521403e-05	2268	7863
243	-4.84189872591599e-05	-7.84406026326556e-06	2268	7863
244	-1.3466367669687677e-05	-1.0684266002362596e-05	2268	7863
245	-3.522515952234804e-05	1.1347632352094942e-05	2268	7863
246	1.1350607367436784e-05	2.3506220342195498e-06	2268	7863
247	-8.666186283590227e-05	1.2791754926521657e-05	2268	7863
248	3.724826265255326e-05	7.737278333673916e-06	2268	7863
249	-1.9977817988557515e-06	2.3981983896999624e-06	2268	7863
